-- MariaDB dump 10.17  Distrib 10.4.15-MariaDB, for Linux (x86_64)
--
-- Host: mysql.hostinger.ro    Database: u574849695_24
-- ------------------------------------------------------
-- Server version	10.4.15-MariaDB-cll-lve

/*!40101 SET @OLD_CHARACTER_SET_CLIENT=@@CHARACTER_SET_CLIENT */;
/*!40101 SET @OLD_CHARACTER_SET_RESULTS=@@CHARACTER_SET_RESULTS */;
/*!40101 SET @OLD_COLLATION_CONNECTION=@@COLLATION_CONNECTION */;
/*!40101 SET NAMES utf8mb4 */;
/*!40103 SET @OLD_TIME_ZONE=@@TIME_ZONE */;
/*!40103 SET TIME_ZONE='+00:00' */;
/*!40014 SET @OLD_UNIQUE_CHECKS=@@UNIQUE_CHECKS, UNIQUE_CHECKS=0 */;
/*!40014 SET @OLD_FOREIGN_KEY_CHECKS=@@FOREIGN_KEY_CHECKS, FOREIGN_KEY_CHECKS=0 */;
/*!40101 SET @OLD_SQL_MODE=@@SQL_MODE, SQL_MODE='NO_AUTO_VALUE_ON_ZERO' */;
/*!40111 SET @OLD_SQL_NOTES=@@SQL_NOTES, SQL_NOTES=0 */;

--
-- Table structure for table `communities`
--

DROP TABLE IF EXISTS `communities`;
/*!40101 SET @saved_cs_client     = @@character_set_client */;
/*!40101 SET character_set_client = utf8 */;
CREATE TABLE `communities` (
  `id` int(10) unsigned NOT NULL AUTO_INCREMENT COMMENT 'Идентификатор сроки',
  `name` varchar(150) COLLATE utf8mb4_unicode_ci NOT NULL COMMENT 'Название группы',
  `created_at` datetime DEFAULT current_timestamp() COMMENT 'Время создания строки',
  `updated_at` datetime DEFAULT current_timestamp() ON UPDATE current_timestamp() COMMENT 'Время обновления строки',
  PRIMARY KEY (`id`),
  UNIQUE KEY `name` (`name`)
) ENGINE=InnoDB AUTO_INCREMENT=11 DEFAULT CHARSET=utf8mb4 COLLATE=utf8mb4_unicode_ci COMMENT='Группы';
/*!40101 SET character_set_client = @saved_cs_client */;

--
-- Dumping data for table `communities`
--

LOCK TABLES `communities` WRITE;
/*!40000 ALTER TABLE `communities` DISABLE KEYS */;
INSERT INTO `communities` VALUES (1,'aperiam','2018-09-11 03:17:37','2004-04-15 10:18:08'),(2,'sequi','1992-12-28 05:25:33','2015-03-22 16:08:37'),(3,'error','1970-11-21 09:49:22','1996-04-01 08:06:05'),(4,'temporibus','2000-01-31 21:01:13','1971-02-27 00:07:28'),(5,'odit','1991-06-28 00:39:01','2002-01-15 04:54:42'),(6,'suscipit','2012-11-09 17:01:43','1984-02-25 23:19:11'),(7,'eum','1976-07-28 22:55:06','1989-08-23 07:22:05'),(8,'ut','1997-06-23 14:05:35','2002-02-15 01:49:39'),(9,'delectus','1978-12-27 19:25:24','2007-01-05 16:48:39'),(10,'sit','2014-12-01 20:21:52','1982-08-03 15:36:48');
/*!40000 ALTER TABLE `communities` ENABLE KEYS */;
UNLOCK TABLES;

--
-- Table structure for table `communities_users`
--

DROP TABLE IF EXISTS `communities_users`;
/*!40101 SET @saved_cs_client     = @@character_set_client */;
/*!40101 SET character_set_client = utf8 */;
CREATE TABLE `communities_users` (
  `community_id` int(10) unsigned NOT NULL COMMENT 'Ссылка на группу',
  `user_id` int(10) unsigned NOT NULL COMMENT 'Ссылка на пользователя',
  `created_at` datetime DEFAULT current_timestamp() COMMENT 'Время создания строки',
  PRIMARY KEY (`community_id`,`user_id`) COMMENT 'Составной первичный ключ',
  KEY `user_id` (`user_id`),
  CONSTRAINT `communities_users_ibfk_1` FOREIGN KEY (`community_id`) REFERENCES `communities` (`id`),
  CONSTRAINT `communities_users_ibfk_2` FOREIGN KEY (`user_id`) REFERENCES `users` (`id`)
) ENGINE=InnoDB DEFAULT CHARSET=utf8mb4 COLLATE=utf8mb4_unicode_ci COMMENT='Участники групп, связь между пользователями и группами';
/*!40101 SET character_set_client = @saved_cs_client */;

--
-- Dumping data for table `communities_users`
--

LOCK TABLES `communities_users` WRITE;
/*!40000 ALTER TABLE `communities_users` DISABLE KEYS */;
INSERT INTO `communities_users` VALUES (1,1,'1976-10-23 16:48:36'),(1,11,'2013-10-09 16:41:26'),(1,21,'1990-02-05 09:59:27'),(1,31,'2009-06-15 11:58:27'),(1,41,'1996-04-25 03:23:35'),(1,51,'2018-01-05 22:56:03'),(1,61,'2015-04-14 04:06:29'),(1,71,'2019-06-12 13:28:59'),(1,81,'2017-11-09 00:27:34'),(1,91,'2018-12-03 21:47:25'),(2,2,'1977-11-08 15:25:11'),(2,12,'2016-10-15 21:08:44'),(2,22,'1989-03-02 19:13:55'),(2,32,'1970-01-07 23:55:56'),(2,42,'1982-06-30 07:48:17'),(2,52,'1996-08-06 18:45:26'),(2,62,'1994-04-30 11:28:38'),(2,72,'1994-06-26 20:45:54'),(2,82,'1972-01-17 06:33:26'),(2,92,'1993-11-17 06:55:07'),(3,3,'2002-02-03 07:58:51'),(3,13,'2014-08-17 11:54:27'),(3,23,'1970-04-10 11:17:09'),(3,33,'1999-11-06 05:10:38'),(3,43,'1982-06-21 10:16:35'),(3,53,'2012-11-02 21:10:38'),(3,63,'1981-10-14 05:43:50'),(3,73,'1997-03-18 13:08:26'),(3,83,'1978-11-10 22:42:53'),(3,93,'1998-05-04 10:59:54'),(4,4,'2002-04-03 17:17:06'),(4,14,'1983-10-10 22:32:25'),(4,24,'2008-07-14 12:27:11'),(4,34,'1998-05-03 23:51:32'),(4,44,'1982-08-03 01:04:51'),(4,54,'1974-03-11 20:05:59'),(4,64,'2001-02-15 11:46:02'),(4,74,'1986-11-27 15:21:46'),(4,84,'1982-11-06 03:44:51'),(4,94,'2010-10-22 10:05:54'),(5,5,'1998-02-02 22:32:39'),(5,15,'1990-07-27 21:48:41'),(5,25,'1993-05-02 07:38:35'),(5,35,'2015-01-11 02:58:54'),(5,45,'1991-12-20 23:11:20'),(5,55,'1993-11-17 14:14:07'),(5,65,'2020-10-12 14:56:26'),(5,75,'1986-08-22 07:34:57'),(5,85,'2015-12-25 07:02:59'),(5,95,'1998-08-07 16:33:42'),(6,6,'1998-02-12 08:41:07'),(6,16,'1982-03-13 08:44:42'),(6,26,'1993-12-10 09:09:12'),(6,36,'1988-11-03 20:00:36'),(6,46,'2009-12-23 16:59:54'),(6,56,'1972-07-07 22:48:00'),(6,66,'2002-04-06 22:14:49'),(6,76,'2020-03-31 00:52:56'),(6,86,'1996-10-18 18:40:08'),(6,96,'1970-11-19 06:08:49'),(7,7,'1975-08-08 09:06:37'),(7,17,'2006-11-22 05:51:31'),(7,27,'1995-01-19 05:50:20'),(7,37,'2008-02-17 15:16:14'),(7,47,'2001-05-24 23:39:56'),(7,57,'2015-11-22 06:19:10'),(7,67,'1970-09-23 14:51:38'),(7,77,'1975-03-01 00:34:29'),(7,87,'1999-08-11 10:53:49'),(7,97,'1970-12-19 21:55:13'),(8,8,'2010-11-19 06:49:46'),(8,18,'2007-02-07 11:13:22'),(8,28,'2018-01-25 02:03:16'),(8,38,'1982-11-20 06:14:08'),(8,48,'2013-01-12 15:27:08'),(8,58,'2003-10-06 00:19:03'),(8,68,'2019-04-12 02:12:30'),(8,78,'2008-09-29 13:08:27'),(8,88,'2001-05-20 18:32:51'),(8,98,'2007-08-27 08:37:37'),(9,9,'2007-03-21 08:45:29'),(9,19,'1994-05-06 18:38:37'),(9,29,'1989-06-24 22:35:35'),(9,39,'1983-05-20 15:06:39'),(9,49,'1990-04-12 11:51:57'),(9,59,'1974-07-09 12:47:17'),(9,69,'1980-11-05 15:22:38'),(9,79,'1986-04-30 08:18:58'),(9,89,'2006-02-25 19:42:13'),(9,99,'1987-09-27 08:57:55'),(10,10,'2006-03-27 01:33:42'),(10,20,'2015-05-03 00:19:44'),(10,30,'1977-01-29 09:24:13'),(10,40,'2020-08-22 23:28:03'),(10,50,'2009-08-09 08:47:13'),(10,60,'1988-05-14 10:04:05'),(10,70,'1974-08-24 13:50:40'),(10,80,'2000-08-13 11:32:23'),(10,90,'2013-03-30 16:52:43'),(10,100,'2006-07-16 17:06:01');
/*!40000 ALTER TABLE `communities_users` ENABLE KEYS */;
UNLOCK TABLES;

--
-- Table structure for table `friendship`
--

DROP TABLE IF EXISTS `friendship`;
/*!40101 SET @saved_cs_client     = @@character_set_client */;
/*!40101 SET character_set_client = utf8 */;
CREATE TABLE `friendship` (
  `user_id` int(10) unsigned NOT NULL COMMENT 'Ссылка на инициатора дружеских отношений',
  `friend_id` int(10) unsigned NOT NULL COMMENT 'Ссылка на получателя приглашения дружить',
  `status_id` int(10) unsigned NOT NULL COMMENT 'Ссылка на статус (текущее состояние) отношений',
  `requested_at` datetime DEFAULT current_timestamp() COMMENT 'Время отправления приглашения дружить',
  `confirmed_at` datetime DEFAULT NULL COMMENT 'Время подтверждения приглашения',
  `created_at` datetime DEFAULT current_timestamp() COMMENT 'Время создания строки',
  `updated_at` datetime DEFAULT current_timestamp() ON UPDATE current_timestamp() COMMENT 'Время обновления строки',
  PRIMARY KEY (`user_id`,`friend_id`) COMMENT 'Составной первичный ключ',
  KEY `friend_id` (`friend_id`),
  KEY `status_id` (`status_id`),
  CONSTRAINT `friendship_ibfk_1` FOREIGN KEY (`user_id`) REFERENCES `users` (`id`),
  CONSTRAINT `friendship_ibfk_2` FOREIGN KEY (`friend_id`) REFERENCES `users` (`id`),
  CONSTRAINT `friendship_ibfk_3` FOREIGN KEY (`status_id`) REFERENCES `friendship_statuses` (`id`)
) ENGINE=InnoDB DEFAULT CHARSET=utf8mb4 COLLATE=utf8mb4_unicode_ci COMMENT='Таблица дружбы';
/*!40101 SET character_set_client = @saved_cs_client */;

--
-- Dumping data for table `friendship`
--

LOCK TABLES `friendship` WRITE;
/*!40000 ALTER TABLE `friendship` DISABLE KEYS */;
INSERT INTO `friendship` VALUES (1,1,1,'2005-09-18 14:58:41','1977-05-06 02:32:12','1977-08-02 22:03:03','1986-01-03 12:16:28'),(2,2,2,'1984-03-30 12:50:40','1971-12-08 11:25:03','2015-10-05 08:41:52','2010-01-05 04:09:01'),(3,3,3,'2017-04-24 06:03:45','2018-09-16 06:11:04','1986-12-01 19:21:02','2011-01-15 18:06:42'),(4,4,4,'2011-09-06 12:33:51','1994-06-24 09:24:46','1979-12-18 14:15:09','1991-02-22 02:32:24'),(5,5,5,'1995-04-07 18:21:50','1995-04-29 22:31:14','1998-10-16 22:14:07','2015-06-18 10:52:46'),(6,6,6,'1977-01-11 03:47:21','2010-10-16 14:01:02','2014-06-19 20:24:12','2016-09-21 18:17:02'),(7,7,7,'2010-10-24 07:33:33','1991-10-18 18:39:09','1991-07-03 12:39:51','1981-06-21 22:04:26'),(8,8,8,'1988-05-23 09:19:56','2014-04-06 18:41:24','1992-07-26 03:01:51','1994-08-24 12:35:29'),(9,9,9,'1976-06-06 23:54:29','2011-03-18 11:14:41','2004-08-12 21:14:18','2010-11-19 19:36:47'),(10,10,10,'1970-09-12 01:33:21','1984-06-26 19:42:23','1990-12-04 09:30:39','2019-11-13 22:32:21'),(11,11,1,'1995-07-21 22:56:29','2011-03-28 03:43:46','1973-09-01 05:47:58','1977-03-30 02:44:38'),(12,12,2,'1997-10-20 21:36:15','1981-02-28 12:20:33','2016-07-07 10:45:35','2011-03-24 14:43:07'),(13,13,3,'1974-11-07 01:53:41','1991-01-26 17:14:43','2011-04-10 20:36:08','2006-04-03 03:26:19'),(14,14,4,'2005-08-29 08:59:48','2003-11-25 21:14:09','1976-11-30 08:02:08','1977-12-23 12:25:59'),(15,15,5,'2018-04-17 12:35:37','2009-02-17 17:53:06','1976-01-14 01:31:46','2016-10-16 00:52:50'),(16,16,6,'1988-09-25 13:03:24','2009-10-26 04:30:30','1997-05-09 04:49:35','2012-04-06 23:00:27'),(17,17,7,'1979-03-16 22:38:57','1995-09-19 23:29:30','2005-04-11 08:47:12','1985-09-13 19:49:30'),(18,18,8,'1975-04-29 12:12:15','1993-04-18 19:57:44','2000-11-25 00:22:27','1998-07-29 16:51:56'),(19,19,9,'1976-03-24 06:46:00','2008-02-29 20:47:40','2013-02-27 13:24:37','1971-08-18 19:57:49'),(20,20,10,'2012-02-18 09:08:07','2002-01-03 04:47:45','2015-04-11 09:28:01','2001-11-10 19:01:41'),(21,21,1,'1979-03-24 15:32:47','2020-12-26 14:20:00','1978-02-02 12:15:37','2013-05-07 04:41:57'),(22,22,2,'1973-06-16 20:58:13','2018-12-31 22:16:38','1983-12-14 03:23:15','2020-11-30 10:13:15'),(23,23,3,'1972-04-25 00:13:38','2015-11-17 11:22:34','1988-04-28 16:58:00','1996-10-07 04:34:07'),(24,24,4,'2011-04-01 20:26:54','2007-07-24 18:20:45','1983-12-24 19:12:25','1991-11-28 15:43:44'),(25,25,5,'1994-08-08 20:01:15','2012-12-09 06:19:40','1996-02-10 09:04:58','1979-10-12 06:27:55'),(26,26,6,'1972-08-10 12:18:25','1984-02-20 22:41:20','2008-01-18 08:46:53','1998-02-03 05:48:20'),(27,27,7,'1996-02-23 01:55:18','2005-09-04 15:59:09','1992-11-20 16:46:38','2018-07-12 06:47:00'),(28,28,8,'2007-01-29 07:30:29','1989-04-05 18:33:19','2013-06-17 02:23:47','1974-07-31 01:29:59'),(29,29,9,'1980-12-28 14:38:06','1985-12-16 09:05:35','1976-04-27 09:58:05','1977-04-30 07:58:16'),(30,30,10,'1985-02-01 09:02:30','2015-08-22 10:55:57','1981-06-29 21:39:35','2015-05-07 18:26:56'),(31,31,1,'2001-10-26 05:37:37','1975-09-16 11:55:15','1977-10-22 23:23:36','1995-01-03 21:50:40'),(32,32,2,'2014-03-08 11:26:06','1985-07-30 06:24:43','1975-06-01 21:32:46','2002-05-26 09:39:50'),(33,33,3,'1987-03-17 12:04:11','2012-04-05 01:06:33','2014-11-23 16:38:59','1979-06-04 12:52:49'),(34,34,4,'1986-07-03 15:08:03','2015-03-06 11:47:33','1975-06-03 07:35:11','1971-03-15 05:44:58'),(35,35,5,'1994-12-21 10:19:27','2018-03-22 14:21:25','1970-06-04 03:03:27','1997-02-03 20:54:19'),(36,36,6,'1976-02-09 00:23:37','1987-12-14 11:32:06','1981-08-03 16:35:54','2006-01-27 08:37:53'),(37,37,7,'1994-10-27 02:21:35','1972-10-02 17:51:20','2007-04-29 08:04:08','1980-04-28 08:28:00'),(38,38,8,'2007-10-06 09:22:53','1978-01-09 12:02:39','1979-08-05 19:35:17','2013-12-06 00:08:06'),(39,39,9,'1973-12-29 02:49:17','1992-05-09 03:13:21','1981-04-20 15:40:43','2020-09-13 16:03:04'),(40,40,10,'1973-05-19 04:14:51','2007-07-12 06:51:19','1996-12-10 09:54:05','1985-10-16 17:29:19'),(41,41,1,'1988-04-17 16:10:49','2006-11-24 22:15:34','2017-05-13 18:45:12','1971-04-23 10:24:09'),(42,42,2,'2019-05-01 13:49:18','1989-07-06 07:57:35','2015-10-22 08:19:20','1976-09-01 14:28:00'),(43,43,3,'2013-07-28 03:40:28','1980-04-22 17:49:59','1984-04-16 20:26:36','1978-04-05 20:27:56'),(44,44,4,'2005-02-27 03:00:03','1976-08-17 20:38:23','1973-09-11 22:32:25','2000-11-18 02:33:00'),(45,45,5,'1991-03-21 18:15:02','1977-03-05 09:39:45','2012-03-07 15:55:15','2006-10-29 18:11:13'),(46,46,6,'2018-03-01 06:32:55','1991-04-08 05:17:54','1999-03-30 13:02:18','2010-05-07 17:20:34'),(47,47,7,'1983-06-30 18:55:34','1981-08-17 18:58:23','2001-05-30 12:32:55','1983-06-21 17:40:58'),(48,48,8,'1977-02-13 04:11:56','2003-05-09 18:49:21','1990-08-21 09:54:01','1975-09-10 21:55:53'),(49,49,9,'1981-11-24 03:19:25','2020-06-05 18:02:00','1986-05-22 19:50:12','2015-05-13 08:02:21'),(50,50,10,'2005-06-03 20:59:38','2009-10-09 13:44:53','1987-07-29 07:36:01','2016-08-21 20:12:08'),(51,51,1,'1974-01-07 12:14:25','1979-10-05 17:09:37','2005-07-14 03:53:54','2000-12-18 11:22:20'),(52,52,2,'1977-01-09 13:48:32','1992-10-30 18:10:34','1999-10-20 20:11:36','2014-11-02 11:24:40'),(53,53,3,'2002-02-26 07:40:45','2016-05-08 08:39:02','1995-12-29 17:10:44','1977-04-30 17:33:33'),(54,54,4,'1972-02-20 18:02:34','1989-07-08 15:42:46','1982-03-12 20:23:34','1972-11-07 06:45:32'),(55,55,5,'1995-05-21 21:45:20','1989-09-26 13:34:23','2005-11-08 20:29:23','1995-11-23 18:56:41'),(56,56,6,'2013-08-23 02:42:31','1975-09-06 05:37:11','1985-08-18 15:48:03','2019-07-19 21:10:12'),(57,57,7,'2018-04-24 01:28:11','2017-12-01 09:46:12','1983-10-30 23:50:28','1997-07-07 00:32:51'),(58,58,8,'2020-01-11 19:36:50','2010-05-12 18:44:07','2017-04-21 21:08:14','1970-06-09 22:54:08'),(59,59,9,'1971-06-25 04:35:06','1981-03-15 15:42:19','2013-03-24 05:56:59','1972-04-15 19:29:55'),(60,60,10,'2020-08-28 23:06:34','1980-03-19 21:00:17','2002-08-17 22:15:23','1980-12-23 01:08:07'),(61,61,1,'1988-05-22 16:11:00','1985-11-30 10:16:26','2014-03-30 01:30:32','1997-08-08 08:22:19'),(62,62,2,'1998-09-09 20:28:20','1990-05-05 07:24:37','1981-12-16 06:27:40','2009-10-07 19:01:56'),(63,63,3,'1981-01-29 04:40:50','1977-12-18 05:15:29','1981-06-21 04:35:26','1970-11-16 00:31:24'),(64,64,4,'1970-07-19 00:02:07','2000-06-12 13:32:19','1981-06-09 06:16:39','1984-06-17 16:14:02'),(65,65,5,'1973-10-08 00:05:30','1997-05-21 07:02:12','2006-01-18 21:58:37','1971-08-14 00:38:34'),(66,66,6,'1987-04-24 16:14:40','2013-08-24 19:48:48','1975-05-29 08:01:26','2017-01-08 05:10:30'),(67,67,7,'1986-04-12 09:05:32','2021-05-06 00:50:09','1974-12-08 01:13:45','2016-08-17 16:58:41'),(68,68,8,'1993-08-31 19:12:50','2005-10-24 04:54:04','1991-07-03 22:39:33','2013-12-19 10:12:17'),(69,69,9,'1990-05-09 15:48:29','1973-02-25 14:13:29','2002-04-04 05:39:05','2004-05-25 04:10:41'),(70,70,10,'1990-10-14 03:21:43','1988-12-21 17:04:34','1979-02-10 03:11:05','1974-04-24 22:07:28'),(71,71,1,'1989-06-29 17:05:34','2003-09-07 14:17:35','1988-08-31 19:04:31','1993-09-09 15:50:54'),(72,72,2,'1997-01-21 23:16:39','1988-05-14 02:52:38','1989-12-02 05:56:36','2000-01-11 17:24:02'),(73,73,3,'1994-06-22 13:03:13','2012-12-18 08:27:30','1984-10-13 13:27:48','2005-04-30 06:08:05'),(74,74,4,'2013-06-14 03:54:39','2008-11-16 08:17:49','2019-10-27 02:22:02','1981-09-15 06:56:46'),(75,75,5,'1998-09-09 13:27:35','2007-09-09 16:39:42','2012-10-01 21:39:05','2004-10-12 23:55:56'),(76,76,6,'1986-11-03 13:29:24','2019-04-10 03:37:43','2014-06-12 13:49:50','1992-01-03 16:34:25'),(77,77,7,'2007-07-19 20:29:49','2014-02-06 02:25:33','2010-10-12 11:56:47','2003-10-27 13:00:30'),(78,78,8,'1992-04-20 10:57:12','1970-04-16 17:11:11','1977-05-01 01:21:06','1989-06-17 18:12:25'),(79,79,9,'1973-12-10 04:16:41','1971-03-16 09:17:53','2008-02-15 10:16:45','1984-07-17 09:53:01'),(80,80,10,'2004-12-17 11:10:21','2004-08-02 15:51:09','2021-04-12 01:32:46','2015-06-02 07:15:35'),(81,81,1,'1998-08-28 01:34:48','1979-04-22 09:13:59','1972-08-05 00:40:07','1974-03-28 18:51:42'),(82,82,2,'2016-05-20 07:15:11','1978-07-14 22:40:19','1999-10-10 10:57:44','1974-04-01 14:07:34'),(83,83,3,'1975-01-13 14:48:59','1994-02-26 19:15:22','2005-01-06 14:27:09','1994-12-30 10:25:00'),(84,84,4,'2007-11-10 19:59:10','1974-07-26 20:51:24','2002-04-07 02:01:19','2014-01-23 11:54:05'),(85,85,5,'2018-01-27 03:15:46','1981-11-24 00:33:24','2000-07-01 18:30:45','1978-01-10 15:46:01'),(86,86,6,'1978-05-04 10:51:00','1995-02-02 06:53:22','2020-02-18 02:01:24','2018-10-24 20:57:40'),(87,87,7,'1976-03-29 10:43:26','1983-11-07 13:43:50','2001-05-28 06:27:51','1970-04-04 17:40:52'),(88,88,8,'2011-06-02 01:22:27','1971-10-05 19:54:02','1997-05-27 13:11:24','2001-04-24 16:45:13'),(89,89,9,'2018-02-03 07:06:48','1998-01-19 09:59:09','1995-10-27 00:41:28','1995-11-16 01:17:32'),(90,90,10,'1988-05-02 13:15:07','1994-11-26 20:42:33','1978-06-13 10:10:20','2009-07-14 10:39:18'),(91,91,1,'2008-08-18 19:52:52','1970-07-28 10:07:56','1982-09-15 20:47:28','1970-06-30 12:49:19'),(92,92,2,'2004-07-13 15:38:48','1978-03-25 06:25:21','2017-12-28 02:22:02','2013-02-10 21:08:47'),(93,93,3,'2009-05-20 00:15:43','1998-07-11 11:16:21','1993-09-02 17:05:17','2010-08-01 14:31:03'),(94,94,4,'2008-02-26 16:42:41','2015-02-04 15:52:41','1992-03-26 01:12:42','1980-07-02 17:29:09'),(95,95,5,'1971-06-18 13:09:37','1977-12-04 08:27:17','1995-06-14 06:37:05','2019-11-24 04:07:55'),(96,96,6,'1989-09-30 07:35:41','2019-02-10 05:49:06','2016-12-17 05:42:48','1982-04-07 18:39:42'),(97,97,7,'2012-06-25 08:38:09','1998-01-09 06:46:08','1990-04-22 13:49:29','2007-06-02 17:56:32'),(98,98,8,'2003-03-23 06:34:36','2012-12-22 19:40:20','1977-02-27 14:17:48','1979-04-01 03:48:23'),(99,99,9,'1997-04-26 00:55:22','2018-08-15 22:57:29','2012-10-10 23:17:32','1971-07-01 23:34:37'),(100,100,10,'2012-07-14 12:41:08','1997-12-27 20:05:54','1989-07-05 11:01:36','1977-03-16 19:45:42');
/*!40000 ALTER TABLE `friendship` ENABLE KEYS */;
UNLOCK TABLES;

--
-- Table structure for table `friendship_statuses`
--

DROP TABLE IF EXISTS `friendship_statuses`;
/*!40101 SET @saved_cs_client     = @@character_set_client */;
/*!40101 SET character_set_client = utf8 */;
CREATE TABLE `friendship_statuses` (
  `id` int(10) unsigned NOT NULL AUTO_INCREMENT COMMENT 'Идентификатор строки',
  `name` varchar(150) COLLATE utf8mb4_unicode_ci NOT NULL COMMENT 'Название статуса',
  `created_at` datetime DEFAULT current_timestamp() COMMENT 'Время создания строки',
  `updated_at` datetime DEFAULT current_timestamp() ON UPDATE current_timestamp() COMMENT 'Время обновления строки',
  PRIMARY KEY (`id`),
  UNIQUE KEY `name` (`name`)
) ENGINE=InnoDB AUTO_INCREMENT=11 DEFAULT CHARSET=utf8mb4 COLLATE=utf8mb4_unicode_ci COMMENT='Статусы дружбы';
/*!40101 SET character_set_client = @saved_cs_client */;

--
-- Dumping data for table `friendship_statuses`
--

LOCK TABLES `friendship_statuses` WRITE;
/*!40000 ALTER TABLE `friendship_statuses` DISABLE KEYS */;
INSERT INTO `friendship_statuses` VALUES (1,'sed','1997-06-08 04:57:53','1970-09-25 03:28:39'),(2,'rerum','1996-10-12 17:35:32','1983-05-04 22:40:40'),(3,'consequatur','1975-07-20 14:01:05','1981-09-28 07:26:17'),(4,'consectetur','1988-12-22 12:20:24','1999-05-04 17:47:22'),(5,'sunt','1975-07-21 22:13:23','2007-02-22 22:05:21'),(6,'quo','1977-12-22 08:16:17','1977-12-14 04:01:33'),(7,'adipisci','1998-02-09 03:42:59','2015-04-07 00:35:59'),(8,'et','1975-10-07 09:36:52','2001-11-05 17:21:48'),(9,'vel','1983-01-08 12:28:09','2012-12-27 03:58:18'),(10,'autem','1993-06-26 06:37:36','2015-10-18 08:27:15');
/*!40000 ALTER TABLE `friendship_statuses` ENABLE KEYS */;
UNLOCK TABLES;

--
-- Table structure for table `like_media`
--

DROP TABLE IF EXISTS `like_media`;
/*!40101 SET @saved_cs_client     = @@character_set_client */;
/*!40101 SET character_set_client = utf8 */;
CREATE TABLE `like_media` (
  `user_id` int(10) unsigned NOT NULL COMMENT 'Ссылка на пользователя, который поставил лайк',
  `media_id` int(10) unsigned NOT NULL COMMENT 'Ссылка на медиа',
  PRIMARY KEY (`user_id`,`media_id`) COMMENT 'Составной первичный ключ',
  KEY `media_id` (`media_id`),
  CONSTRAINT `like_media_ibfk_1` FOREIGN KEY (`media_id`) REFERENCES `media` (`id`),
  CONSTRAINT `like_media_ibfk_2` FOREIGN KEY (`user_id`) REFERENCES `users` (`id`)
) ENGINE=InnoDB DEFAULT CHARSET=utf8mb4 COLLATE=utf8mb4_unicode_ci COMMENT='Таблица лайков медиа';
/*!40101 SET character_set_client = @saved_cs_client */;

--
-- Dumping data for table `like_media`
--

LOCK TABLES `like_media` WRITE;
/*!40000 ALTER TABLE `like_media` DISABLE KEYS */;
INSERT INTO `like_media` VALUES (1,1),(2,2),(3,3),(4,4),(5,5),(6,6),(7,7),(8,8),(9,9),(10,10),(11,11),(12,12),(13,13),(14,14),(15,15),(16,16),(17,17),(18,18),(19,19),(20,20),(21,21),(22,22),(23,23),(24,24),(25,25),(26,26),(27,27),(28,28),(29,29),(30,30),(31,31),(32,32),(33,33),(34,34),(35,35),(36,36),(37,37),(38,38),(39,39),(40,40),(41,41),(42,42),(43,43),(44,44),(45,45),(46,46),(47,47),(48,48),(49,49),(50,50);
/*!40000 ALTER TABLE `like_media` ENABLE KEYS */;
UNLOCK TABLES;

--
-- Table structure for table `like_messages`
--

DROP TABLE IF EXISTS `like_messages`;
/*!40101 SET @saved_cs_client     = @@character_set_client */;
/*!40101 SET character_set_client = utf8 */;
CREATE TABLE `like_messages` (
  `user_id` int(10) unsigned NOT NULL COMMENT 'Ссылка на пользователя, который поставил лайк',
  `msg_id` int(10) unsigned NOT NULL COMMENT 'Ссылка на сообщение',
  PRIMARY KEY (`user_id`,`msg_id`) COMMENT 'Составной первичный ключ',
  KEY `msg_id` (`msg_id`),
  CONSTRAINT `like_messages_ibfk_1` FOREIGN KEY (`msg_id`) REFERENCES `messages` (`id`),
  CONSTRAINT `like_messages_ibfk_2` FOREIGN KEY (`user_id`) REFERENCES `users` (`id`)
) ENGINE=InnoDB DEFAULT CHARSET=utf8mb4 COLLATE=utf8mb4_unicode_ci COMMENT='Таблица лайков сообщений';
/*!40101 SET character_set_client = @saved_cs_client */;

--
-- Dumping data for table `like_messages`
--

LOCK TABLES `like_messages` WRITE;
/*!40000 ALTER TABLE `like_messages` DISABLE KEYS */;
INSERT INTO `like_messages` VALUES (1,1),(2,2),(3,3),(4,4),(5,5),(6,6),(7,7),(8,8),(9,9),(10,10),(11,11),(12,12),(13,13),(14,14),(15,15),(16,16),(17,17),(18,18),(19,19),(20,20),(21,21),(22,22),(23,23),(24,24),(25,25),(26,26),(27,27),(28,28),(29,29),(30,30),(31,31),(32,32),(33,33),(34,34),(35,35),(36,36),(37,37),(38,38),(39,39),(40,40),(41,41),(42,42),(43,43),(44,44),(45,45),(46,46),(47,47),(48,48),(49,49),(50,50);
/*!40000 ALTER TABLE `like_messages` ENABLE KEYS */;
UNLOCK TABLES;

--
-- Table structure for table `like_users`
--

DROP TABLE IF EXISTS `like_users`;
/*!40101 SET @saved_cs_client     = @@character_set_client */;
/*!40101 SET character_set_client = utf8 */;
CREATE TABLE `like_users` (
  `user_id` int(10) unsigned NOT NULL COMMENT 'Ссылка на пользователя, который поставил лайк',
  `receiver_id` int(10) unsigned NOT NULL COMMENT 'Ссылка на пользователя, который получил лайк',
  PRIMARY KEY (`user_id`,`receiver_id`) COMMENT 'Составной первичный ключ',
  KEY `receiver_id` (`receiver_id`),
  CONSTRAINT `like_users_ibfk_1` FOREIGN KEY (`receiver_id`) REFERENCES `users` (`id`),
  CONSTRAINT `like_users_ibfk_2` FOREIGN KEY (`user_id`) REFERENCES `users` (`id`)
) ENGINE=InnoDB DEFAULT CHARSET=utf8mb4 COLLATE=utf8mb4_unicode_ci COMMENT='Таблица лайков пользователей';
/*!40101 SET character_set_client = @saved_cs_client */;

--
-- Dumping data for table `like_users`
--

LOCK TABLES `like_users` WRITE;
/*!40000 ALTER TABLE `like_users` DISABLE KEYS */;
INSERT INTO `like_users` VALUES (1,1),(2,2),(3,3),(4,4),(5,5),(6,6),(7,7),(8,8),(9,9),(10,10),(11,11),(12,12),(13,13),(14,14),(15,15),(16,16),(17,17),(18,18),(19,19),(20,20),(21,21),(22,22),(23,23),(24,24),(25,25),(26,26),(27,27),(28,28),(29,29),(30,30),(31,31),(32,32),(33,33),(34,34),(35,35),(36,36),(37,37),(38,38),(39,39),(40,40),(41,41),(42,42),(43,43),(44,44),(45,45),(46,46),(47,47),(48,48),(49,49),(50,50);
/*!40000 ALTER TABLE `like_users` ENABLE KEYS */;
UNLOCK TABLES;

--
-- Table structure for table `media`
--

DROP TABLE IF EXISTS `media`;
/*!40101 SET @saved_cs_client     = @@character_set_client */;
/*!40101 SET character_set_client = utf8 */;
CREATE TABLE `media` (
  `id` int(10) unsigned NOT NULL AUTO_INCREMENT COMMENT 'Идентификатор строки',
  `user_id` int(10) unsigned NOT NULL COMMENT 'Ссылка на пользователя, который загрузил файл',
  `filename` varchar(255) COLLATE utf8mb4_unicode_ci NOT NULL COMMENT 'Путь к файлу',
  `size` int(11) NOT NULL COMMENT 'Размер файла',
  `metadata` longtext CHARACTER SET utf8mb4 COLLATE utf8mb4_bin DEFAULT NULL COMMENT 'Метаданные файла' CHECK (json_valid(`metadata`)),
  `media_type_id` int(10) unsigned NOT NULL COMMENT 'Ссылка на тип контента',
  `created_at` datetime DEFAULT current_timestamp() COMMENT 'Время создания строки',
  `updated_at` datetime DEFAULT current_timestamp() ON UPDATE current_timestamp() COMMENT 'Время обновления строки',
  PRIMARY KEY (`id`),
  KEY `user_id` (`user_id`),
  KEY `media_type_id` (`media_type_id`),
  CONSTRAINT `media_ibfk_1` FOREIGN KEY (`user_id`) REFERENCES `users` (`id`),
  CONSTRAINT `media_ibfk_2` FOREIGN KEY (`media_type_id`) REFERENCES `media_types` (`id`)
) ENGINE=InnoDB AUTO_INCREMENT=101 DEFAULT CHARSET=utf8mb4 COLLATE=utf8mb4_unicode_ci COMMENT='Медиафайлы';
/*!40101 SET character_set_client = @saved_cs_client */;

--
-- Dumping data for table `media`
--

LOCK TABLES `media` WRITE;
/*!40000 ALTER TABLE `media` DISABLE KEYS */;
INSERT INTO `media` VALUES (1,1,'nulla',0,NULL,1,'1997-04-04 13:00:26','1977-03-10 18:40:57'),(2,2,'omnis',8,NULL,2,'2000-01-30 10:41:24','1998-11-30 14:41:41'),(3,3,'eveniet',20679957,NULL,3,'1979-10-23 13:10:34','1988-10-27 05:10:05'),(4,4,'qui',25,NULL,4,'1980-02-28 10:45:07','2006-03-04 11:24:40'),(5,5,'eveniet',1309,NULL,5,'2003-01-13 11:23:37','2009-09-04 11:32:16'),(6,6,'tempora',37,NULL,6,'2008-08-31 12:41:02','1971-03-17 05:40:14'),(7,7,'et',0,NULL,7,'1984-06-06 20:43:48','1974-06-29 22:18:02'),(8,8,'pariatur',55742,NULL,8,'1991-11-11 04:55:42','1974-05-04 21:30:48'),(9,9,'eum',827803261,NULL,9,'1988-02-12 22:37:40','1992-11-25 04:55:31'),(10,10,'ut',36857802,NULL,10,'1978-07-09 03:47:41','1983-10-21 01:30:48'),(11,11,'libero',261,NULL,1,'1974-09-07 23:35:52','1993-04-05 06:37:40'),(12,12,'rem',22,NULL,2,'2001-05-18 07:01:29','2005-12-28 08:41:25'),(13,13,'molestiae',0,NULL,3,'1986-03-03 21:33:21','1979-11-21 11:11:56'),(14,14,'eum',8,NULL,4,'2005-08-09 23:46:01','1972-01-19 19:07:32'),(15,15,'et',1,NULL,5,'1978-06-16 13:56:34','1983-06-28 10:12:35'),(16,16,'illo',789,NULL,6,'1987-07-05 02:03:09','2007-01-31 07:45:02'),(17,17,'eveniet',5,NULL,7,'2005-09-11 13:44:49','1990-04-27 14:55:42'),(18,18,'quia',78098942,NULL,8,'1981-05-30 06:40:16','2000-07-16 09:34:05'),(19,19,'saepe',0,NULL,9,'1982-06-09 15:19:11','1998-12-23 15:52:19'),(20,20,'consequatur',12,NULL,10,'2018-08-18 04:14:20','2010-01-18 01:16:37'),(21,21,'iusto',270,NULL,1,'1972-12-14 03:05:46','1976-12-29 20:55:37'),(22,22,'quo',4,NULL,2,'2012-09-09 09:48:44','2013-06-29 22:12:59'),(23,23,'est',16157,NULL,3,'2003-08-01 13:47:46','1972-11-29 04:34:01'),(24,24,'porro',0,NULL,4,'1988-10-20 20:55:34','2016-04-28 20:17:43'),(25,25,'est',45543,NULL,5,'1977-01-29 11:29:17','2006-05-07 01:29:02'),(26,26,'laboriosam',27,NULL,6,'2012-12-04 07:08:08','2011-05-27 00:59:58'),(27,27,'dicta',294,NULL,7,'1998-10-13 19:38:50','2012-05-22 14:05:31'),(28,28,'porro',32683987,NULL,8,'2002-06-21 20:20:47','2012-08-04 07:50:27'),(29,29,'et',0,NULL,9,'2003-03-08 07:19:50','1988-03-26 05:15:42'),(30,30,'ratione',5752143,NULL,10,'2016-10-31 19:27:16','1977-08-09 20:57:22'),(31,31,'in',7027475,NULL,1,'1970-04-18 00:42:22','1982-09-21 00:06:44'),(32,32,'officia',83167,NULL,2,'1997-12-06 18:55:22','1984-11-24 20:06:25'),(33,33,'laudantium',38893,NULL,3,'1977-02-07 00:40:45','2011-08-24 19:54:44'),(34,34,'distinctio',72655,NULL,4,'1997-12-30 19:22:14','2016-01-12 20:00:47'),(35,35,'totam',161873,NULL,5,'1971-10-22 22:54:09','1996-06-03 16:36:41'),(36,36,'aspernatur',758856659,NULL,6,'2015-07-28 14:00:05','1981-09-27 17:45:50'),(37,37,'accusamus',555,NULL,7,'1973-04-24 05:09:42','1974-05-25 05:40:41'),(38,38,'distinctio',136,NULL,8,'1992-08-12 14:10:06','1988-01-09 14:24:27'),(39,39,'ut',840182,NULL,9,'1991-07-27 02:14:04','2004-12-29 21:50:09'),(40,40,'veniam',2,NULL,10,'2014-01-25 13:09:21','2016-09-16 19:47:02'),(41,41,'iste',85715,NULL,1,'2008-10-28 23:41:52','2013-04-30 00:01:10'),(42,42,'ab',5963562,NULL,2,'1998-09-04 19:32:22','1974-02-28 05:05:16'),(43,43,'voluptatibus',60604,NULL,3,'2020-12-06 02:45:41','2006-11-01 04:42:20'),(44,44,'quae',84,NULL,4,'1971-06-19 13:41:18','1995-09-14 00:07:43'),(45,45,'magnam',168801,NULL,5,'1986-10-05 12:56:41','1993-07-12 04:39:35'),(46,46,'dolores',353128,NULL,6,'1983-04-29 18:19:54','2013-03-24 18:23:50'),(47,47,'mollitia',64682122,NULL,7,'1990-08-02 02:59:22','1976-06-12 19:03:38'),(48,48,'rerum',858,NULL,8,'2003-06-12 16:47:23','1984-04-12 20:05:44'),(49,49,'labore',8274728,NULL,9,'1974-07-26 09:16:18','2015-06-05 02:31:27'),(50,50,'possimus',90907991,NULL,10,'2013-10-08 01:34:32','2017-12-13 01:55:20'),(51,51,'in',3914727,NULL,1,'1997-03-08 02:40:54','2011-03-23 05:26:42'),(52,52,'ducimus',48239368,NULL,2,'1977-10-24 16:47:31','1977-05-05 19:40:20'),(53,53,'temporibus',62,NULL,3,'1984-09-01 14:46:34','1972-01-26 21:27:57'),(54,54,'voluptas',9833,NULL,4,'1970-05-19 07:37:57','2004-11-13 20:13:21'),(55,55,'cum',668,NULL,5,'1979-07-13 07:53:31','1998-02-05 13:20:27'),(56,56,'non',89,NULL,6,'1984-04-21 14:51:31','1981-03-14 14:18:18'),(57,57,'incidunt',78544651,NULL,7,'1995-06-10 13:15:24','1970-06-16 10:53:13'),(58,58,'eligendi',199,NULL,8,'2018-12-14 06:26:25','2006-06-03 14:51:42'),(59,59,'laudantium',0,NULL,9,'1989-06-30 06:45:53','1993-06-24 19:57:41'),(60,60,'sequi',950638,NULL,10,'1985-06-28 22:17:36','2000-12-08 17:16:04'),(61,61,'laboriosam',839537,NULL,1,'2015-06-15 19:10:40','1979-11-21 08:09:25'),(62,62,'qui',680,NULL,2,'1981-08-12 16:32:48','1979-08-20 05:50:42'),(63,63,'assumenda',62,NULL,3,'1992-03-08 08:37:58','2017-07-10 01:44:13'),(64,64,'nihil',7956831,NULL,4,'1984-05-21 10:01:04','1992-05-12 02:26:05'),(65,65,'minus',1,NULL,5,'1997-11-01 04:55:45','1975-08-14 13:08:34'),(66,66,'et',66,NULL,6,'1999-11-26 10:47:21','1977-11-10 16:46:00'),(67,67,'inventore',83178897,NULL,7,'1997-03-25 01:23:40','1999-11-15 04:21:08'),(68,68,'ut',0,NULL,8,'1979-05-10 21:44:01','2018-04-16 05:29:54'),(69,69,'omnis',5819,NULL,9,'2013-04-24 05:21:54','2010-10-24 00:14:51'),(70,70,'voluptatum',0,NULL,10,'2018-03-05 23:21:39','2014-09-17 14:58:44'),(71,71,'expedita',67396347,NULL,1,'2017-04-30 21:19:41','1984-05-28 22:30:05'),(72,72,'unde',8776768,NULL,2,'2004-03-24 11:52:30','1977-07-16 23:32:14'),(73,73,'distinctio',1308651,NULL,3,'2012-11-07 21:09:47','1981-09-01 03:04:42'),(74,74,'sint',36925531,NULL,4,'1984-11-13 17:54:54','2005-09-10 18:38:16'),(75,75,'aperiam',5,NULL,5,'1970-10-29 18:45:25','1989-05-31 07:31:13'),(76,76,'repudiandae',9,NULL,6,'1987-01-15 20:53:37','2011-06-02 22:42:09'),(77,77,'blanditiis',255,NULL,7,'1970-05-10 17:12:22','1996-05-03 23:35:32'),(78,78,'iusto',16,NULL,8,'1990-11-21 06:38:09','1980-05-08 09:39:49'),(79,79,'unde',173,NULL,9,'1998-04-21 19:13:29','1978-08-19 10:08:21'),(80,80,'necessitatibus',94,NULL,10,'2020-06-27 05:48:41','2001-06-29 12:35:46'),(81,81,'qui',14994453,NULL,1,'2008-11-18 10:10:47','2010-09-24 22:56:03'),(82,82,'nisi',1595,NULL,2,'2016-11-08 04:35:00','2019-03-18 11:11:28'),(83,83,'quia',63195329,NULL,3,'2019-06-18 05:28:57','1977-09-18 23:51:29'),(84,84,'molestiae',415875,NULL,4,'2006-09-08 07:20:39','2018-06-13 12:46:41'),(85,85,'mollitia',2,NULL,5,'1996-11-26 20:41:48','1994-09-16 20:54:18'),(86,86,'eum',6066638,NULL,6,'1992-08-23 01:27:25','2007-11-18 01:18:49'),(87,87,'voluptates',52,NULL,7,'1988-01-27 10:35:27','2003-08-25 05:55:03'),(88,88,'necessitatibus',933,NULL,8,'2018-07-28 21:25:37','1970-03-16 04:50:25'),(89,89,'quia',83222,NULL,9,'2013-06-01 22:03:23','1996-03-24 05:49:28'),(90,90,'id',0,NULL,10,'1990-06-27 19:45:34','1987-11-10 17:09:45'),(91,91,'tempora',32,NULL,1,'2004-08-15 07:51:33','2013-09-01 18:51:02'),(92,92,'adipisci',53015474,NULL,2,'2013-12-11 10:38:08','2013-01-04 08:12:16'),(93,93,'eos',275,NULL,3,'1999-08-26 14:07:15','2004-06-15 06:19:55'),(94,94,'alias',518528,NULL,4,'1975-04-24 20:06:43','1998-01-24 23:43:42'),(95,95,'odit',0,NULL,5,'2007-07-07 23:20:34','2007-09-24 09:36:11'),(96,96,'quisquam',7,NULL,6,'1976-06-13 00:23:47','2002-02-28 01:38:02'),(97,97,'ipsa',2,NULL,7,'2014-10-29 13:21:59','2020-07-28 16:03:53'),(98,98,'enim',0,NULL,8,'1978-12-04 04:42:45','1995-12-10 02:38:47'),(99,99,'impedit',0,NULL,9,'2003-05-14 21:18:08','2016-06-15 05:56:32'),(100,100,'odit',20443005,NULL,10,'1985-11-17 11:28:24','1984-08-09 12:02:05');
/*!40000 ALTER TABLE `media` ENABLE KEYS */;
UNLOCK TABLES;

--
-- Table structure for table `media_types`
--

DROP TABLE IF EXISTS `media_types`;
/*!40101 SET @saved_cs_client     = @@character_set_client */;
/*!40101 SET character_set_client = utf8 */;
CREATE TABLE `media_types` (
  `id` int(10) unsigned NOT NULL AUTO_INCREMENT COMMENT 'Идентификатор строки',
  `name` varchar(255) COLLATE utf8mb4_unicode_ci NOT NULL COMMENT 'Название типа',
  `created_at` datetime DEFAULT current_timestamp() COMMENT 'Время создания строки',
  `updated_at` datetime DEFAULT current_timestamp() ON UPDATE current_timestamp() COMMENT 'Время обновления строки',
  PRIMARY KEY (`id`),
  UNIQUE KEY `name` (`name`)
) ENGINE=InnoDB AUTO_INCREMENT=11 DEFAULT CHARSET=utf8mb4 COLLATE=utf8mb4_unicode_ci COMMENT='Типы медиафайлов';
/*!40101 SET character_set_client = @saved_cs_client */;

--
-- Dumping data for table `media_types`
--

LOCK TABLES `media_types` WRITE;
/*!40000 ALTER TABLE `media_types` DISABLE KEYS */;
INSERT INTO `media_types` VALUES (1,'quia','2013-06-19 18:05:19','2006-04-08 11:05:52'),(2,'occaecati','1978-12-07 09:15:32','1988-06-21 18:00:24'),(3,'quas','1975-12-21 01:45:43','2021-02-10 22:25:59'),(4,'nostrum','1985-06-05 10:13:20','1999-11-18 03:43:15'),(5,'nam','1975-04-13 17:40:55','2001-03-11 20:25:44'),(6,'a','1989-06-01 06:47:13','1990-04-20 02:20:10'),(7,'totam','2008-01-21 22:42:40','1989-02-24 21:10:57'),(8,'saepe','2002-05-14 07:39:29','1978-07-22 12:06:21'),(9,'sit','2015-05-07 21:28:51','1998-04-05 03:05:57'),(10,'sunt','2014-09-15 14:57:50','2005-06-26 18:18:01');
/*!40000 ALTER TABLE `media_types` ENABLE KEYS */;
UNLOCK TABLES;

--
-- Table structure for table `messages`
--

DROP TABLE IF EXISTS `messages`;
/*!40101 SET @saved_cs_client     = @@character_set_client */;
/*!40101 SET character_set_client = utf8 */;
CREATE TABLE `messages` (
  `id` int(10) unsigned NOT NULL AUTO_INCREMENT COMMENT 'Идентификатор строки',
  `from_user_id` int(10) unsigned NOT NULL COMMENT 'Ссылка на отправителя сообщения',
  `to_user_id` int(10) unsigned NOT NULL COMMENT 'Ссылка на получателя сообщения',
  `body` text COLLATE utf8mb4_unicode_ci NOT NULL COMMENT 'Текст сообщения',
  `is_important` tinyint(1) DEFAULT NULL COMMENT 'Признак важности',
  `is_delivered` tinyint(1) DEFAULT NULL COMMENT 'Признак доставки',
  `created_at` datetime DEFAULT current_timestamp() COMMENT 'Время создания строки',
  `updated_at` datetime DEFAULT current_timestamp() ON UPDATE current_timestamp() COMMENT 'Время обновления строки',
  PRIMARY KEY (`id`),
  KEY `from_user_id` (`from_user_id`),
  KEY `to_user_id` (`to_user_id`),
  CONSTRAINT `messages_ibfk_1` FOREIGN KEY (`from_user_id`) REFERENCES `users` (`id`),
  CONSTRAINT `messages_ibfk_2` FOREIGN KEY (`to_user_id`) REFERENCES `users` (`id`)
) ENGINE=InnoDB AUTO_INCREMENT=101 DEFAULT CHARSET=utf8mb4 COLLATE=utf8mb4_unicode_ci COMMENT='Сообщения';
/*!40101 SET character_set_client = @saved_cs_client */;

--
-- Dumping data for table `messages`
--

LOCK TABLES `messages` WRITE;
/*!40000 ALTER TABLE `messages` DISABLE KEYS */;
INSERT INTO `messages` VALUES (1,1,1,'Eligendi maiores voluptatum unde sit pariatur. Non corrupti quod vitae itaque ullam. Ipsam commodi perspiciatis omnis velit temporibus molestiae vel accusantium. Eos aut et quam ea.',1,0,'1975-05-15 11:53:01','2010-11-12 09:57:27'),(2,2,2,'Ea iusto unde consequuntur. Ut tempore aperiam aut qui sunt iste. Reiciendis ad velit voluptatem odio et. Sed maiores nesciunt inventore sequi quos odio omnis.',1,1,'2021-01-03 23:15:16','2002-08-09 18:47:25'),(3,3,3,'Assumenda rerum enim officia consectetur omnis itaque blanditiis cum. Beatae et et atque et recusandae ad sint excepturi.',1,0,'2003-11-11 07:54:45','1996-09-12 07:22:27'),(4,4,4,'Magnam enim sed praesentium voluptate quaerat ad vel quae. Voluptatum necessitatibus et nihil tenetur quia voluptatem. Animi et quod est natus aspernatur quas voluptatibus.',1,0,'2005-07-22 04:44:50','1998-03-13 04:38:56'),(5,5,5,'Odio atque dolorum deserunt et non enim eos. Quos exercitationem mollitia voluptates excepturi ut quae expedita. Unde quia voluptas in sapiente ut id. Reiciendis qui blanditiis iusto molestiae non et consequatur.',0,1,'1987-07-17 02:40:11','1986-03-25 07:28:57'),(6,6,6,'In quibusdam quaerat sequi quaerat quos deleniti. Rerum porro et nostrum autem error explicabo. Dolor et quae et libero quae. Consequuntur magni rerum consequatur sunt sint.',1,0,'1989-06-30 16:34:44','1973-07-07 05:11:54'),(7,7,7,'Et molestias voluptatem consequatur nemo. Voluptas fuga molestiae id. Omnis laboriosam inventore quaerat possimus eius. Et ipsa dolorem dolores est recusandae quo. Sit qui quod perferendis omnis modi vero odit ad.',1,0,'2007-04-13 21:52:58','2014-07-03 06:41:46'),(8,8,8,'Praesentium et ipsam vel autem. Ipsum sapiente velit dolorem iste itaque vel. Ea eos qui soluta dolores harum quia ducimus.',0,1,'1970-10-29 06:42:02','2013-03-06 23:59:34'),(9,9,9,'Corporis consequatur est eos autem tempora. Porro ut laboriosam asperiores. Nostrum illum facilis suscipit modi. Quia voluptatem aut itaque maxime voluptatibus harum.',1,1,'2004-09-17 19:03:29','1998-04-18 00:24:08'),(10,10,10,'Vel recusandae est ut praesentium voluptas. Quam ut cumque rerum similique. Dicta tenetur quo quia omnis. Deserunt accusamus voluptatem voluptatibus.',1,1,'2011-08-11 08:54:03','1992-11-11 15:50:59'),(11,11,11,'Commodi omnis dicta dolore et accusantium labore aut in. Quis et velit et architecto tenetur recusandae quis. Mollitia rerum iure est velit commodi excepturi.',0,1,'1983-07-10 21:41:03','1989-08-09 17:28:24'),(12,12,12,'Sunt eum numquam beatae magni est. Qui molestiae placeat consequatur et et reiciendis quasi. Quia ratione necessitatibus beatae sit.',0,0,'1996-07-19 20:37:54','1988-04-29 19:40:17'),(13,13,13,'Odit expedita a voluptatem sapiente eum iusto. Iure sint quisquam illo maxime quia. Quod dolorem aut sunt inventore magnam alias.',0,0,'2012-05-25 11:45:45','2000-12-10 12:53:14'),(14,14,14,'Reprehenderit nihil est aut voluptates soluta aperiam ut. Dolore non sunt qui ducimus dolor commodi veritatis. Nihil eos nemo occaecati tenetur maxime nihil.',1,0,'1970-05-29 21:53:51','1996-11-14 22:47:08'),(15,15,15,'Ab nobis maiores consequatur quia occaecati saepe. Magni ad possimus perspiciatis rerum rerum tempora. Quia tempore sit aut quia minima. Repellat rem inventore porro eius animi autem similique.',0,0,'2004-04-07 22:13:32','1974-02-17 00:30:49'),(16,16,16,'Ipsam ut sunt laudantium perspiciatis. Et mollitia incidunt minima assumenda. Omnis aut excepturi ea molestiae unde aut in. Ut assumenda vel saepe dolor voluptatem aliquid aut.',1,1,'1976-05-06 22:59:54','2004-06-16 13:06:44'),(17,17,17,'Consequatur ducimus deleniti reprehenderit maxime. Voluptatem iusto facilis et rerum. Quas explicabo qui velit dicta cumque.',0,0,'2005-05-13 02:55:24','1980-08-03 05:08:31'),(18,18,18,'Commodi voluptas quia facere sit. Sunt eum officiis exercitationem cupiditate id. Aspernatur sint nostrum eveniet qui unde. Iusto saepe ut corporis assumenda.',1,1,'2000-05-22 02:17:45','1992-08-03 01:45:55'),(19,19,19,'Quibusdam dicta ut mollitia sapiente adipisci consequatur doloribus. Nesciunt laudantium repellat enim eum repellat beatae. Quam laudantium dolore aut culpa aut. Fugit vitae culpa numquam ab. Qui rerum provident ut ipsum.',0,0,'1981-03-17 23:36:16','1996-07-02 08:07:54'),(20,20,20,'Facere sunt sed eius qui velit aspernatur. Corporis nesciunt adipisci eos aspernatur eos. In pariatur eveniet ut nam omnis voluptatum.',0,1,'1990-02-02 06:08:54','1995-01-17 13:56:00'),(21,21,21,'Mollitia hic ut est quia qui omnis quas. Et molestiae neque tenetur quam molestiae. Atque velit earum dolorem facilis omnis. Vitae fugiat sint eligendi a veritatis sed beatae.',0,0,'1973-02-28 06:04:17','2018-04-21 09:10:05'),(22,22,22,'Nostrum qui illo est quis. Aut officia et suscipit labore et minus. Quis officiis eveniet ad ratione et optio debitis. Pariatur laudantium aperiam eos eum.',1,0,'2012-12-24 23:35:33','1978-04-12 13:40:53'),(23,23,23,'Nulla vero veritatis iusto sint. Id assumenda ea ut et. Similique provident possimus eligendi voluptatem et et commodi. Voluptatem ratione eaque unde sed inventore aut.',1,0,'1991-12-10 03:25:52','1993-01-25 00:30:01'),(24,24,24,'Quisquam maxime voluptates ea commodi provident. Accusantium voluptas nam nam animi dolorem et. Maiores aliquid iste explicabo voluptatem deleniti neque rerum. Natus illo exercitationem amet dolor consequuntur suscipit.',1,1,'2009-03-25 07:40:58','1978-03-05 00:56:53'),(25,25,25,'Dolorum possimus nisi ea ipsam aut nihil voluptas. Atque eligendi soluta neque temporibus quam commodi eius. Voluptas ullam accusamus praesentium voluptatem iure impedit.',1,0,'1972-05-09 23:20:03','1970-11-14 11:59:01'),(26,26,26,'Dolorem corporis et est corporis optio minus. Similique quisquam est pariatur officia et voluptatibus. Itaque perspiciatis vel eum qui in nemo et.',0,0,'1998-01-29 15:19:30','1999-04-10 00:10:10'),(27,27,27,'Quis rerum quam qui quia magni. Exercitationem enim eveniet voluptatem sit at.',1,0,'1993-08-10 22:41:57','1979-10-01 17:16:43'),(28,28,28,'Autem exercitationem sed excepturi dolorem dolor. Exercitationem voluptatem molestiae qui quis id aliquid sunt. Molestiae quam aliquam eum nemo aspernatur quis occaecati modi. Odio in suscipit qui ut.',1,0,'1974-01-12 10:10:41','1970-05-22 12:08:31'),(29,29,29,'Sit provident et fugit atque. Eos sit officiis officia dolores. Aliquam sint vel dolor officiis. Tempore ut magni sequi.',0,1,'1990-04-28 20:25:27','2015-10-30 11:09:07'),(30,30,30,'Natus ducimus neque assumenda doloribus tempore recusandae ad itaque. Impedit voluptatem mollitia voluptas natus fugiat aut. Enim assumenda commodi eos aut odit. Quibusdam non voluptas laudantium aperiam asperiores.',1,1,'2008-04-24 03:11:36','1988-09-30 02:48:45'),(31,31,31,'Distinctio error voluptatem aut odit. Fuga modi deleniti modi praesentium vero nobis dolores ut. Voluptates qui et nisi et modi. Perferendis dolorem ad harum laudantium reiciendis soluta sit.',0,0,'1975-11-21 16:54:25','1975-09-05 02:13:42'),(32,32,32,'Voluptatem eos aut deleniti iste. Dolorum molestiae ut eaque dolores ea voluptas ut. Harum suscipit consequatur deserunt omnis perspiciatis aut in. Enim est ut dolores dolores sed molestiae aperiam.',1,0,'2004-03-26 17:47:02','2002-03-28 09:32:15'),(33,33,33,'Odio aperiam eveniet dolor omnis. Quo cupiditate non dolor quos nisi et et. Enim sint consectetur officia dolores cum.',1,0,'2012-05-05 05:29:55','2007-05-26 07:09:28'),(34,34,34,'Eveniet porro omnis dolor fugit. Asperiores vero aut nam in. Rerum molestiae qui ullam eius nihil eligendi consequuntur.',0,1,'2006-07-26 22:33:29','2000-07-30 14:49:51'),(35,35,35,'Necessitatibus laudantium quisquam sint mollitia dignissimos cupiditate molestiae. Nobis nihil qui aut. Quos voluptatem eum tempore qui saepe. Architecto eum similique ut sit quibusdam eum enim.',1,0,'1979-08-28 14:06:08','1991-05-19 17:27:49'),(36,36,36,'Nam neque totam fugiat expedita asperiores saepe mollitia dolor. Maxime minima libero pariatur corporis voluptatum officia. Qui ea itaque qui eveniet et et voluptatum veritatis.',1,0,'1990-06-22 20:12:05','2020-11-29 11:30:27'),(37,37,37,'Et accusamus voluptate expedita qui. Delectus deserunt et rem qui. Nulla eos sequi consequatur veniam sed unde in quia.',0,0,'1997-10-10 14:17:03','1998-11-24 21:07:35'),(38,38,38,'Consequatur voluptatem ipsa corporis. Non necessitatibus praesentium nihil iste quos iusto ea aut. At vero provident velit corrupti ad suscipit aperiam.',1,0,'1979-09-25 09:20:37','1999-10-15 19:29:41'),(39,39,39,'Animi expedita et harum modi aut sed explicabo enim. Debitis a cupiditate in laudantium laudantium autem. Tempora officia iusto magnam iusto ut et repudiandae.',0,1,'1991-04-25 19:34:34','2007-06-22 09:24:55'),(40,40,40,'Facere eos ipsam dolorem praesentium facilis eaque in. Sed ut iste voluptatem quod. Laboriosam itaque rerum fugit cumque est non est. Deserunt dolor et pariatur voluptatem ut.',0,0,'1973-08-08 05:44:49','1971-12-03 23:30:41'),(41,41,41,'Atque perferendis sunt harum nihil voluptatem repudiandae ut. Consequuntur aut ad molestias aut aliquam et. Recusandae unde illo nesciunt sed. Minima odio labore eius consequatur impedit.',0,1,'1986-10-16 09:09:45','2020-12-30 12:16:31'),(42,42,42,'Non reprehenderit ut reiciendis sed. Ad numquam animi dolores molestias et repellat. Aut facere recusandae non quasi provident.',0,1,'1976-01-30 14:45:45','1986-02-18 17:45:58'),(43,43,43,'Voluptatibus nostrum perferendis sit vel vitae atque ut. Voluptatem maxime sit nihil necessitatibus quis. Temporibus et et quasi voluptas dolores quia sint deleniti. Sit aut et facilis ut culpa dolores consequatur.',1,0,'2004-05-22 17:13:19','2007-05-06 22:12:28'),(44,44,44,'Delectus et id consequatur reiciendis sequi. Voluptatum unde aliquid eum natus nihil eum possimus. Maiores dolore saepe eum aut nihil minus et.',1,1,'1998-01-02 20:00:29','2019-01-08 23:12:55'),(45,45,45,'Dolor temporibus repellat qui nesciunt qui. Veritatis aut quae ratione non alias fugit. Quia ullam illum id et repellat est praesentium et. Odit qui quo ut perferendis commodi molestias.',1,0,'1985-02-03 03:35:18','2019-04-19 00:06:45'),(46,46,46,'Molestiae velit qui soluta porro aut saepe. Illo necessitatibus provident eaque non est.',0,0,'2007-01-11 17:51:56','1981-04-05 23:42:07'),(47,47,47,'Non optio eos necessitatibus deserunt dolore non minus. Natus eligendi ullam omnis praesentium velit et magnam. Et et possimus qui nulla.',1,0,'1972-12-28 02:57:21','2017-10-27 04:59:17'),(48,48,48,'Libero earum occaecati qui eius. Et sint mollitia perspiciatis quis ipsa ut.',1,1,'1998-12-22 01:21:27','2013-07-03 16:18:40'),(49,49,49,'Illo maxime repellendus id suscipit omnis. Beatae labore consequatur voluptas. Iure qui laboriosam assumenda ex. Dolore sint aut sit quos perferendis.',0,1,'1997-08-22 16:30:37','1998-04-08 17:41:16'),(50,50,50,'Dolorum delectus cumque qui iusto aliquam dolorem doloremque. Nobis dolor recusandae libero sint nihil. Qui libero quis sunt magnam. Voluptatum vel quia libero et.',1,1,'2007-09-10 02:26:19','2012-03-18 23:33:29'),(51,51,51,'Sequi harum necessitatibus nisi rerum. Voluptatem ratione dolorem mollitia dolores culpa occaecati autem. Et culpa sit assumenda sapiente aut quasi magni.',1,1,'1972-05-05 21:36:41','1995-05-10 15:31:22'),(52,52,52,'Ut libero et libero ducimus tempora eaque. Molestiae molestiae dolores hic adipisci. Vel mollitia aperiam asperiores. Provident odit laboriosam itaque. Fugit inventore officiis facilis et enim.',0,0,'2011-07-07 21:19:00','1996-09-08 18:17:39'),(53,53,53,'Vitae quas voluptatibus neque reiciendis rerum sed velit et. Et voluptates suscipit ex voluptatem dolorem qui. Non accusamus incidunt vitae et iste quis aut exercitationem.',1,1,'2009-04-26 23:04:09','1993-01-16 12:51:41'),(54,54,54,'Praesentium sint ipsa id assumenda neque ut voluptatem. Qui est accusamus voluptas ipsam beatae molestiae et unde. Voluptatem animi accusamus et. Corporis et adipisci ut sed est aut et.',0,0,'2018-03-30 01:37:08','2019-08-27 05:29:59'),(55,55,55,'Commodi aliquid ratione iusto vero dolores quibusdam quibusdam. Ducimus aut et tempora veniam tempora rerum. Reiciendis aut numquam iste expedita ipsam eius eum. Ut recusandae ab rem culpa et quas.',0,1,'2001-06-08 05:27:54','2015-05-27 21:55:39'),(56,56,56,'Quae ut consequatur dolore exercitationem illum qui. Quia ut voluptas qui debitis sed debitis.',1,0,'1992-07-04 01:32:50','1998-11-05 16:38:48'),(57,57,57,'Nostrum debitis aspernatur eum. Fugiat ab iusto perspiciatis nihil.',1,0,'2004-11-13 01:49:47','1983-10-31 05:52:09'),(58,58,58,'Dicta aliquam officia sit eum. Corporis omnis in non facilis perferendis ipsa.',0,1,'1982-12-13 18:08:14','2004-04-22 19:06:07'),(59,59,59,'Exercitationem nulla blanditiis delectus harum. Quia earum ea occaecati. Est magni voluptatem quos architecto unde id. Sit sed qui corporis atque et dignissimos eum.',1,0,'1999-04-30 22:25:30','1986-05-13 06:58:30'),(60,60,60,'Quod odio voluptatum sit et est quos voluptas. Suscipit dolorem odit animi ipsam quibusdam. Corrupti alias illo earum inventore.',0,0,'2017-11-30 03:31:48','2017-02-09 14:27:11'),(61,61,61,'Enim dolor nihil inventore. Quia sed veniam hic culpa. Et quis voluptates explicabo tenetur ullam placeat ratione.',1,1,'1970-06-30 11:41:55','1980-03-20 10:43:23'),(62,62,62,'Dignissimos distinctio cumque voluptas quaerat blanditiis reprehenderit. Reprehenderit ipsum iusto consequatur est. Voluptatem nemo est est deleniti.',0,1,'2002-12-04 17:02:56','2007-10-02 10:00:54'),(63,63,63,'Cum quo voluptate qui et. Officiis repellat suscipit illo odit maiores repudiandae. Delectus doloribus et eum nemo. Aut pariatur voluptatibus minus labore tenetur.',0,0,'1970-09-02 03:55:49','2014-03-12 21:40:42'),(64,64,64,'Maiores eligendi et dolorem numquam facere beatae. Voluptatem in eos iure vel. Ab sit est perferendis debitis quam. Qui vero quidem quas at sed.',1,0,'1970-04-19 17:58:10','1994-06-17 14:58:55'),(65,65,65,'Distinctio similique itaque itaque sequi. Quisquam nam pariatur quia qui qui aut ut.',1,1,'1984-06-01 12:03:33','1978-09-28 12:02:18'),(66,66,66,'Qui ipsum et eius quasi quis. Consequatur ut molestiae ipsam dolorem voluptates. Id ea quo consequatur voluptas sapiente. Totam sit repellendus odio dolor aliquam et repellendus est.',1,0,'1982-08-29 02:40:30','1970-07-01 07:24:08'),(67,67,67,'Illo eum et aut vel ut qui et. Animi modi nisi earum enim. Laborum sed incidunt sunt adipisci quasi fuga. Veniam saepe inventore nihil exercitationem necessitatibus omnis.',1,0,'2000-01-23 18:06:59','1990-02-09 09:41:16'),(68,68,68,'Cumque delectus velit non ut dolor debitis animi. Quas pariatur fugiat eligendi quasi aliquid. Quia consectetur molestiae amet amet necessitatibus sunt dolorum.',1,1,'1986-12-09 11:19:09','1990-03-26 07:16:29'),(69,69,69,'A totam architecto est numquam. Ad libero incidunt odio sed placeat. Provident labore placeat consequatur libero aliquam. Quaerat repudiandae aliquid est quibusdam sunt quia et facere.',1,1,'1986-01-28 00:29:33','2019-03-07 23:22:02'),(70,70,70,'Corporis et aut aspernatur illo eos. Tempora perferendis asperiores ex eum saepe omnis sint. Unde rerum odio aspernatur sunt amet quam. Ipsa dignissimos recusandae eaque animi sint.',0,1,'2021-05-04 18:33:29','1987-08-21 14:46:52'),(71,71,71,'Dignissimos dolores ducimus corrupti. Quidem atque consequatur laborum. Pariatur porro consectetur nemo.',0,0,'2005-03-31 17:32:20','1973-01-04 09:41:03'),(72,72,72,'Occaecati dolorem illo et quam animi. Quidem tempora non soluta fuga atque qui incidunt. Qui voluptatem quos exercitationem quia quasi.',1,0,'1984-03-14 10:57:27','2015-01-04 17:14:54'),(73,73,73,'Laboriosam doloremque nemo rem. Et distinctio et quod cupiditate recusandae placeat. Porro officia et deleniti voluptates voluptatum.',1,1,'1986-08-15 05:23:40','2010-06-03 01:34:12'),(74,74,74,'A sit recusandae perspiciatis molestiae architecto architecto quam eaque. Architecto voluptatibus similique earum aliquam optio. Assumenda soluta ratione consequatur ab nisi ut.',0,0,'1993-08-16 15:21:07','1998-04-21 15:55:23'),(75,75,75,'Facere eaque non dolorem voluptatem. Fugit asperiores ipsa mollitia est. Enim nesciunt eum quia odit voluptate deserunt ipsum.',1,0,'1989-04-16 06:38:59','1986-09-01 16:25:04'),(76,76,76,'Ipsum praesentium aut velit culpa beatae id perspiciatis. Commodi laboriosam ex omnis quo sed. Qui iste quis vero dolores.',0,0,'2019-05-27 01:52:51','1976-04-18 11:36:37'),(77,77,77,'Aut voluptate consequatur dolor eum soluta aut nam consequatur. Error praesentium qui temporibus consectetur. Quisquam dolorem eum eos.',0,0,'1984-11-01 18:33:17','2005-04-24 13:58:58'),(78,78,78,'Sint repudiandae aperiam iure omnis. Voluptatem sint id quos tenetur est accusamus dolor. Et labore quae et quidem dolor eum ipsam. Aut ipsa expedita tempore sunt cupiditate.',1,0,'2013-08-03 01:12:06','1980-07-16 12:04:37'),(79,79,79,'Culpa non nulla beatae a placeat ut laudantium id. Fugiat ut tenetur animi expedita. Omnis voluptatem repellat et reiciendis.',0,1,'1993-12-25 04:35:01','1995-05-25 17:34:32'),(80,80,80,'Animi perspiciatis explicabo ut sed sed et. Voluptatem ut ea et recusandae voluptas sint. Facere error quis eos numquam assumenda.',0,1,'1980-03-08 18:08:50','1971-05-29 15:32:39'),(81,81,81,'Voluptatum nulla cupiditate blanditiis. Magnam sit quisquam illum at quo eum. Sed vero laborum quibusdam modi. Aliquam magni amet vitae sint voluptatem eligendi.',1,1,'2001-01-08 03:06:33','1999-02-11 21:02:47'),(82,82,82,'Suscipit officiis omnis voluptatum aut. Voluptate aut ut eligendi cum itaque. Architecto consequatur veritatis ex est labore quis iste. Ex molestiae a iure.',0,1,'1979-03-20 13:44:34','1998-08-10 02:05:19'),(83,83,83,'Est autem totam sit quas. Aut et totam dolor ea est debitis. Dolor ut id veniam nesciunt sapiente sunt voluptatem.',0,0,'1986-04-12 02:50:52','2015-06-08 08:59:49'),(84,84,84,'Ut fugit et ratione dolor. Dolor accusantium pariatur delectus et officiis omnis.',1,0,'1979-01-06 04:11:14','1979-03-14 10:09:56'),(85,85,85,'Labore velit laudantium animi. Blanditiis voluptas amet harum et occaecati cupiditate ut aperiam. Praesentium earum repellat molestiae provident. Et quisquam a exercitationem esse et possimus. Aliquam delectus qui est illum sint.',0,1,'2013-07-27 20:12:36','1980-03-07 03:35:51'),(86,86,86,'Adipisci quam non eos recusandae et nesciunt sunt. Ut et veritatis non error et harum reiciendis. Nisi sunt illo quae totam occaecati ea voluptate.',1,0,'1987-08-09 21:01:55','1977-09-11 00:20:58'),(87,87,87,'Similique eum dolor quia ex sint non animi impedit. Non aut voluptas ut ad. Veritatis at reiciendis maiores sed eius eligendi et.',1,1,'2020-04-30 22:21:44','2017-12-05 21:03:41'),(88,88,88,'Est est quam iste praesentium dolores sed. Tempora perspiciatis perferendis molestiae facere sed animi. Cum aut minus placeat consequatur quia.',1,1,'1992-08-13 19:29:58','1974-05-01 17:34:47'),(89,89,89,'Placeat quo necessitatibus odit reprehenderit. Amet sint voluptatibus molestiae officiis voluptatem. Quisquam nobis dolore repudiandae aliquid voluptatem.',1,0,'1986-04-18 09:45:00','1994-11-02 15:18:39'),(90,90,90,'Minima dolore officiis ab. Dolores autem autem autem itaque molestias ut. Quod quae quidem ratione aut sint esse dolor enim.',1,0,'1978-12-19 19:57:12','2017-01-19 16:30:44'),(91,91,91,'Cupiditate velit est sunt dolorum. Repellat odit ipsum atque enim quo esse et. Exercitationem quis vero cumque dolorum enim.',0,1,'2004-12-07 14:09:39','1981-04-12 03:59:04'),(92,92,92,'Fuga ut asperiores commodi reprehenderit maiores. Mollitia rerum sit illum. Dolor quibusdam laboriosam in adipisci perspiciatis. Nesciunt qui cumque similique assumenda.',1,0,'1982-08-26 07:25:16','1995-03-10 02:33:36'),(93,93,93,'Iste dolores explicabo dignissimos exercitationem quas molestiae pariatur. Quis dolore architecto expedita et quia quo. Quia dolor sed et distinctio aspernatur et provident ea. Sint aut quia nulla iusto.',1,0,'1993-08-24 12:33:26','2014-08-11 20:24:12'),(94,94,94,'Libero error enim est tenetur labore deleniti qui. Eos aut a at dignissimos magni.',1,1,'2003-06-21 22:57:56','1989-11-04 11:29:41'),(95,95,95,'Consequuntur fugiat culpa quo culpa et. Magnam eveniet dolor voluptas delectus. Sunt laborum in ut cum et sapiente dolorem quo.',0,0,'2015-07-18 21:05:20','2010-05-14 19:16:27'),(96,96,96,'Neque hic rem ex ea quibusdam. Perferendis quaerat officiis dicta et ut dolorem et. Et sunt asperiores dolor quis ut unde ut. Est ipsam neque quasi voluptas.',0,0,'1979-01-08 17:05:59','2018-12-03 20:19:10'),(97,97,97,'Est suscipit et cupiditate maxime. Occaecati eaque est sunt voluptatem culpa assumenda. Ut dignissimos dolor eos deleniti. Earum quia est quam quidem ullam tenetur.',0,0,'2004-10-23 03:53:20','1991-07-08 17:54:26'),(98,98,98,'Eum provident pariatur voluptatibus alias labore placeat incidunt. In nulla et sunt provident. Ea earum qui quod optio natus in in aut. Qui est nesciunt minus at.',1,0,'1982-10-29 08:48:15','1986-02-03 16:20:16'),(99,99,99,'Officiis earum dolorum et eos. Et blanditiis error dicta deleniti fugiat. Cum ipsam voluptatum laborum praesentium sunt enim repellat. Laudantium impedit non provident sit consequatur quidem sed. Ad nobis exercitationem aut praesentium sunt aliquid.',1,0,'2012-02-26 04:07:05','1979-01-09 21:38:48'),(100,100,100,'Exercitationem doloribus quia quasi sunt quod harum enim. Nihil iste veniam veritatis expedita dolores qui. Optio fugiat sed nesciunt dolores.',0,0,'1995-09-22 21:05:19','1976-05-08 21:25:14');
/*!40000 ALTER TABLE `messages` ENABLE KEYS */;
UNLOCK TABLES;

--
-- Table structure for table `profiles`
--

DROP TABLE IF EXISTS `profiles`;
/*!40101 SET @saved_cs_client     = @@character_set_client */;
/*!40101 SET character_set_client = utf8 */;
CREATE TABLE `profiles` (
  `user_id` int(10) unsigned NOT NULL COMMENT 'Ссылка на пользователя',
  `gender` char(1) COLLATE utf8mb4_unicode_ci NOT NULL COMMENT 'Пол',
  `birthday` date DEFAULT NULL COMMENT 'Дата рождения',
  `photo_id` int(10) unsigned DEFAULT NULL COMMENT 'Ссылка на основную фотографию пользователя',
  `status` varchar(30) COLLATE utf8mb4_unicode_ci DEFAULT NULL COMMENT 'Текущий статус',
  `city` varchar(130) COLLATE utf8mb4_unicode_ci DEFAULT NULL COMMENT 'Город проживания',
  `country` varchar(130) COLLATE utf8mb4_unicode_ci DEFAULT NULL COMMENT 'Страна проживания',
  `created_at` datetime DEFAULT current_timestamp() COMMENT 'Время создания строки',
  `updated_at` datetime DEFAULT current_timestamp() ON UPDATE current_timestamp() COMMENT 'Время обновления строки',
  PRIMARY KEY (`user_id`),
  CONSTRAINT `profiles_ibfk_1` FOREIGN KEY (`user_id`) REFERENCES `users` (`id`) ON DELETE CASCADE ON UPDATE CASCADE
) ENGINE=InnoDB DEFAULT CHARSET=utf8mb4 COLLATE=utf8mb4_unicode_ci COMMENT='Профили';
/*!40101 SET character_set_client = @saved_cs_client */;

--
-- Dumping data for table `profiles`
--

LOCK TABLES `profiles` WRITE;
/*!40000 ALTER TABLE `profiles` DISABLE KEYS */;
INSERT INTO `profiles` VALUES (1,'','1973-12-02',1,'Corrupti minus animi dignissim','Larsonland','61','2009-12-02 12:45:47','1985-03-28 08:36:37'),(2,'','2003-09-26',2,'Quibusdam eius ab est aliquid.','Waelchifort','','2005-07-25 00:23:01','1994-11-04 11:56:31'),(3,'','1974-01-23',3,'Et quas non voluptas qui odio ','North Daisha','41021','1990-05-28 13:30:38','1981-05-09 07:38:23'),(4,'','1979-03-09',4,'Ipsum ut quisquam reiciendis i','Nikolausfort','79555527','1993-03-16 03:38:11','1986-12-19 10:03:03'),(5,'','2019-06-11',5,'Maxime recusandae magni perfer','West Simfurt','53','2003-06-12 18:23:41','2013-01-07 16:28:03'),(6,'','1976-01-16',6,'Officia dignissimos sint dolor','Blakeville','1279342','1989-08-01 06:27:25','1973-09-25 22:46:04'),(7,'','1992-05-26',7,'Modi corrupti deserunt hic vol','Lake Mathildebury','5127','1971-10-22 05:25:08','1985-07-17 18:43:19'),(8,'','1972-07-18',8,'Earum illum sint sed animi ass','Port Ila','561257','2008-08-17 23:06:07','1976-02-02 19:10:57'),(9,'','1990-09-23',9,'Consequatur autem ut quod. Qua','Hillsmouth','5','2016-09-28 07:07:36','2006-01-27 03:22:44'),(10,'','1994-08-15',10,'Temporibus quos quis consectet','West Jayde','55808668','1992-09-16 21:19:39','1994-10-27 22:22:02'),(11,'','2019-05-16',11,'Assumenda aut amet molestias a','New Denis','23034','2012-11-09 08:32:43','2002-09-21 08:12:18'),(12,'','1983-05-14',12,'Vel saepe dolorem vitae. Aut n','New Monaton','4825035','1982-05-31 07:29:47','2009-10-04 04:04:53'),(13,'','2019-05-12',13,'Ab est alias omnis ducimus min','Nicolasburgh','6675304','2019-04-06 20:39:47','2015-10-07 09:20:22'),(14,'','2003-01-05',14,'Provident ut consequuntur reru','Wolfbury','8778','1996-10-22 04:38:57','1993-05-11 16:15:39'),(15,'','1984-08-30',15,'Magni modi et consequatur id e','Port Donshire','5407','2019-01-27 04:46:37','2009-11-30 07:37:45'),(16,'','2002-06-19',16,'Ipsum delectus quam est. Quas ','Johnstown','','1975-09-01 23:19:23','1988-04-30 20:19:31'),(17,'','1977-08-25',17,'Officia facere at nobis. Et ve','North Forest','495061540','2012-03-13 07:53:05','1972-11-22 02:40:58'),(18,'','1979-04-06',18,'Consequuntur dolorem sapiente ','Ratkemouth','3','1997-08-17 17:54:55','1999-06-19 12:05:04'),(19,'','1981-07-01',19,'Qui sed placeat culpa inventor','Rosendoton','6','2018-08-13 21:06:44','2018-12-02 01:01:55'),(20,'','1998-05-20',20,'Tempora consequuntur et culpa ','Davishaven','88387','2000-06-17 16:20:45','2014-12-30 07:29:54'),(21,'','1978-05-31',21,'Sint qui consequuntur non cum ','Larkinbury','261686','1991-12-25 16:17:42','1984-02-25 09:55:48'),(22,'','2001-05-19',22,'Temporibus consequatur sit del','South Janhaven','8431095','2020-06-30 04:31:39','2009-04-30 00:34:48'),(23,'','2018-10-20',23,'Omnis quo quasi maiores non qu','Kuphalside','','1979-10-05 10:02:58','1975-04-08 01:53:05'),(24,'','2015-08-20',24,'Voluptas explicabo debitis quo','East Paxtonland','262761','2002-04-05 16:17:13','2019-03-12 11:40:14'),(25,'','1974-11-29',25,'Accusamus rem ullam autem. Fug','East Callie','450915941','1989-11-29 13:21:43','2008-03-21 08:56:25'),(26,'','2008-08-29',26,'Nostrum autem autem officiis a','Aryannaburgh','7802','1975-09-28 07:42:12','2001-03-06 05:01:01'),(27,'','2017-10-30',27,'Voluptatum aperiam velit exerc','Lake Mikaylamouth','42605','1977-05-26 04:16:45','1992-10-02 05:42:23'),(28,'','2018-12-10',28,'Voluptas doloribus sit illum s','Fadelstad','525616','1999-10-29 11:16:18','1970-07-27 01:47:52'),(29,'','2005-08-17',29,'Recusandae molestiae cum accus','Lawrencefurt','3','2012-03-19 10:12:45','2000-04-23 00:06:40'),(30,'','1997-02-14',30,'Qui nostrum voluptatem quia. I','Paucekton','9','1971-10-20 12:48:29','1985-03-14 14:53:47'),(31,'','2020-03-27',31,'Voluptatem voluptatem velit om','Marcellusbury','177','2000-02-26 08:30:27','1976-10-29 06:59:53'),(32,'','1995-03-28',32,'Sed sed eos aut est consequatu','Audreychester','71080608','2020-05-05 07:16:27','2003-02-07 08:03:56'),(33,'','1979-08-24',33,'Quia qui et est enim. Perferen','Lake Imeldaside','784314074','2005-08-14 08:51:21','2021-04-27 15:31:15'),(34,'','2006-07-01',34,'Aperiam labore dolor fugit exp','Port Antonia','9491','1985-06-08 20:54:04','1992-05-28 17:27:25'),(35,'','2012-09-03',35,'Ab dolores provident vero repr','South Colby','669','1976-01-22 14:59:39','1979-11-27 06:07:58'),(36,'','1973-09-27',36,'Iste nam aut qui dolor. Et cul','Muellerfort','10','2012-09-28 09:36:40','1973-09-26 07:41:50'),(37,'','1971-12-08',37,'Eligendi non quo blanditiis pr','Port Loren','679973','1995-12-06 15:56:33','2018-09-11 09:45:24'),(38,'','2008-01-12',38,'Aut harum et reprehenderit lib','New Myrtice','135','1999-09-13 19:03:28','1974-09-20 04:11:30'),(39,'','1994-10-18',39,'Facilis animi vel quos quam ni','South Mollyfort','7905652','2015-10-20 02:34:33','1976-09-30 06:58:06'),(40,'','1984-12-29',40,'Sed deleniti assumenda corpori','Elbertmouth','5949996','1970-12-17 16:43:43','2010-02-07 11:54:35'),(41,'','1987-06-17',41,'Nesciunt quaerat dignissimos d','Leonardoberg','446','1990-08-13 20:16:27','2012-10-22 14:47:29'),(42,'','2007-02-27',42,'Cupiditate beatae ea aut est e','West Celiahaven','','2018-06-26 20:19:42','1998-08-10 13:47:03'),(43,'','2014-02-14',43,'Neque unde dolorem neque velit','Parkerside','3','1982-02-06 17:36:18','1975-02-15 02:20:48'),(44,'','2018-07-15',44,'Atque cum iste voluptatem itaq','Keshaunberg','35935990','2011-04-03 06:49:03','1999-07-19 13:53:19'),(45,'','1998-08-06',45,'Quis animi vel magnam nam veli','Port Lee','28740','2015-03-04 01:24:39','2015-09-19 13:56:40'),(46,'','1997-04-22',46,'Perspiciatis et in ea voluptat','New Celestine','93','1978-09-24 08:52:12','2015-11-23 05:39:35'),(47,'','2011-10-06',47,'Eaque repudiandae consequatur ','Colleenfurt','','1990-05-21 01:45:52','2017-08-29 15:16:14'),(48,'','1985-12-12',48,'Qui ut occaecati ut autem. Ame','New Nilstown','381244','1977-12-31 18:43:56','2006-07-02 18:56:16'),(49,'','1979-06-09',49,'Cumque architecto saepe verita','East Jessikamouth','','2021-01-06 05:08:53','2002-03-14 18:22:28'),(50,'','2008-06-23',50,'Laudantium possimus laudantium','Murazikshire','646558','2016-06-18 06:10:19','2014-09-04 06:29:00'),(51,'','1987-06-21',51,'Quo earum laborum reiciendis q','Germainemouth','9909851','1984-04-02 11:01:42','1974-02-25 02:47:08'),(52,'','1970-02-26',52,'Et rerum magnam ut ut. Quae se','Winnifredtown','1861','1991-08-22 06:25:24','1991-02-02 12:19:12'),(53,'','1990-04-06',53,'Explicabo iste commodi nulla p','North Coyport','3','1995-02-18 13:04:16','1985-10-09 19:19:19'),(54,'','1984-09-04',54,'Ut quidem illo minus. Vel offi','South Tobyville','6901763','1981-08-18 12:41:43','2001-02-02 14:59:41'),(55,'','2008-09-06',55,'Consequatur explicabo quis cor','North Carlotta','','2016-02-08 20:53:17','1982-05-27 17:03:47'),(56,'','2000-03-25',56,'Dignissimos atque et exercitat','Lyricborough','15','1986-04-12 02:17:42','2017-05-30 04:35:58'),(57,'','2018-07-28',57,'Deleniti dolorum iure dolorum ','West Adonischester','49694891','1991-02-18 07:08:35','1976-10-01 18:22:15'),(58,'','1987-11-12',58,'Deleniti illo dolorem accusant','Kihnfurt','','1975-09-20 20:38:55','1975-04-13 19:03:24'),(59,'','1998-09-12',59,'Ut adipisci facere dignissimos','West Joesphtown','','1994-05-22 07:32:59','1983-05-26 20:51:58'),(60,'','1973-10-09',60,'Esse assumenda quas sit veniam','Lake Alanis','','1975-02-03 07:19:56','1984-11-07 06:23:56'),(61,'','1995-11-29',61,'Eaque et at adipisci totam. Et','Yostport','4900','2011-10-18 19:04:50','1991-05-01 18:31:18'),(62,'','1973-05-27',62,'Recusandae quia aspernatur har','Santinafurt','907239','1994-11-28 23:29:01','1999-04-15 15:43:35'),(63,'','1987-01-25',63,'Culpa esse aut doloribus archi','Isailand','388801','2006-05-14 21:27:38','2005-10-15 23:47:30'),(64,'','1996-01-30',64,'Enim qui itaque aut. Rem ratio','West Laurynview','9','2006-02-14 20:46:34','2016-03-09 03:55:34'),(65,'','1997-05-08',65,'Facere molestiae aliquam conse','East Reillyville','','2001-03-05 06:20:14','2016-03-10 17:44:12'),(66,'','2010-05-03',66,'Et perferendis inventore debit','New Linnie','698092','1984-07-18 18:53:32','2004-06-16 16:38:27'),(67,'','1989-07-06',67,'Eius et iure error libero. Et ','Port Ciaramouth','5846647','2010-11-24 22:28:16','1989-10-26 19:40:13'),(68,'','1996-01-09',68,'Tempore praesentium occaecati ','New Kevinside','','1988-06-03 23:09:24','1999-02-22 20:29:39'),(69,'','1994-08-15',69,'Doloribus asperiores voluptas ','Braunport','847','2010-10-03 05:09:02','2001-10-21 13:14:16'),(70,'','1977-10-27',70,'Ipsam et nam ut eaque doloribu','New Sarahfort','','2020-03-26 23:26:20','1973-01-13 14:38:41'),(71,'','2017-12-03',71,'Sunt quidem libero consequuntu','Friesenhaven','5','1999-02-27 23:49:03','1992-02-06 01:06:43'),(72,'','2013-06-16',72,'Quidem velit dolorum et volupt','Grahamview','75055','1991-01-09 08:31:39','2013-04-30 18:24:15'),(73,'','1998-10-21',73,'Magni enim cumque et molestias','West Loma','7778653','1974-07-12 21:40:18','2011-12-25 21:07:48'),(74,'','1990-02-09',74,'Quia placeat aspernatur enim e','North Charley','17','2017-09-07 03:07:52','1996-07-01 17:53:51'),(75,'','1971-04-20',75,'Laboriosam ut autem quae dolor','Lake Dannytown','12','1976-03-04 17:20:53','2009-06-08 11:34:33'),(76,'','2002-05-11',76,'Quis aut voluptas laborum sit ','Harveybury','37577059','2020-11-28 00:43:53','2006-09-10 09:23:39'),(77,'','2001-10-14',77,'Optio rerum impedit ratione co','Sengerburgh','','1991-08-22 13:59:34','1984-07-11 05:21:59'),(78,'','1977-06-19',78,'Aut et aliquam non voluptates ','Myrlhaven','543664090','1981-11-06 02:11:38','1992-06-18 12:45:34'),(79,'','2015-11-04',79,'Optio ipsum et error est qui. ','Lazarotown','','1990-09-13 19:20:14','1970-10-09 04:06:44'),(80,'','2008-06-20',80,'Et in dolor quidem esse. Ut sa','South Rex','72968571','2004-02-06 21:05:38','1987-03-11 13:14:28'),(81,'','1999-01-14',81,'Repellat atque corporis praese','West Layla','18','2010-03-02 14:09:21','1983-01-11 23:56:25'),(82,'','1995-07-29',82,'Dolor ut occaecati ut repellen','East Sammymouth','142108','1970-01-07 13:52:40','1987-09-18 07:26:19'),(83,'','2005-01-01',83,'Eaque quo eum non tempora dist','Port Brialand','451625056','2013-08-30 08:48:30','1970-11-27 03:40:03'),(84,'','2014-12-03',84,'Aliquam totam porro ex qui ali','Weissnatfort','5','2018-12-02 08:49:20','2019-11-30 22:39:20'),(85,'','2011-10-26',85,'Quos atque sit qui officiis te','Nasirbury','6198','2001-09-19 13:10:43','1973-06-08 05:25:27'),(86,'','1982-01-11',86,'Consequatur eum atque voluptat','Nikolastown','','2013-04-10 12:03:57','2019-12-31 08:40:50'),(87,'','1996-05-09',87,'Excepturi asperiores non conse','Reillyborough','6','2021-04-21 00:42:28','1978-12-16 16:44:16'),(88,'','1992-09-16',88,'Modi iusto numquam aut aut ut.','Pollichberg','','1985-05-07 23:09:30','1973-08-28 00:48:10'),(89,'','2018-05-19',89,'Illo dolorem voluptatibus quia','West Oda','5','1976-04-24 17:04:08','1974-09-25 16:42:00'),(90,'','1978-12-12',90,'Nostrum provident harum volupt','West Modesta','442017','2004-01-24 20:56:42','1971-09-29 00:52:09'),(91,'','1994-07-12',91,'Ipsa maiores quo excepturi et ','South Roxannehaven','9','1990-02-07 12:05:36','2011-02-01 04:04:59'),(92,'','2010-01-06',92,'Quia ut tempora ea pariatur re','South Theodore','726','1991-09-02 01:57:28','1991-06-26 02:18:38'),(93,'','1986-03-29',93,'Cum sint et est omnis. Ipsam n','Dashawnberg','6808','2019-03-08 08:15:59','1987-03-26 04:54:39'),(94,'','2020-05-06',94,'Vel praesentium blanditiis qui','Port Alda','','1990-09-12 23:29:47','1981-09-25 09:05:55'),(95,'','2013-07-21',95,'A nobis voluptatum quibusdam r','Cheyenneberg','5','2005-06-30 20:29:40','1972-05-21 02:25:03'),(96,'','2009-10-25',96,'Molestiae provident ipsa et ve','Faheyton','5573183','2011-05-30 17:39:37','1974-04-20 17:41:31'),(97,'','1983-07-09',97,'Cum ea labore maiores alias vo','Emmetfort','6981822','2009-11-25 02:49:02','2020-02-15 14:12:24'),(98,'','1989-05-03',98,'Quae quia aut maiores. Iste co','South Amber','10783','1987-10-02 18:50:07','2007-12-20 15:32:00'),(99,'','2013-01-29',99,'Quis rerum non animi tempora m','Lake Ahmad','','2010-09-27 03:09:05','2011-07-18 06:47:28'),(100,'','2000-06-16',100,'Quam totam fuga rerum id nam p','New Gaetanoview','304','1970-04-10 19:14:53','1975-12-26 07:06:16');
/*!40000 ALTER TABLE `profiles` ENABLE KEYS */;
UNLOCK TABLES;

--
-- Table structure for table `users`
--

DROP TABLE IF EXISTS `users`;
/*!40101 SET @saved_cs_client     = @@character_set_client */;
/*!40101 SET character_set_client = utf8 */;
CREATE TABLE `users` (
  `id` int(10) unsigned NOT NULL AUTO_INCREMENT COMMENT 'Идентификатор строки',
  `first_name` varchar(100) COLLATE utf8mb4_unicode_ci NOT NULL COMMENT 'Имя пользователя',
  `last_name` varchar(100) COLLATE utf8mb4_unicode_ci NOT NULL COMMENT 'Фамилия пользователя',
  `email` varchar(100) COLLATE utf8mb4_unicode_ci NOT NULL COMMENT 'Почта',
  `phone` varchar(100) COLLATE utf8mb4_unicode_ci NOT NULL COMMENT 'Телефон',
  `created_at` datetime DEFAULT current_timestamp() COMMENT 'Время создания строки',
  `updated_at` datetime DEFAULT current_timestamp() ON UPDATE current_timestamp() COMMENT 'Время обновления строки',
  PRIMARY KEY (`id`),
  UNIQUE KEY `email` (`email`),
  UNIQUE KEY `phone` (`phone`)
) ENGINE=InnoDB AUTO_INCREMENT=101 DEFAULT CHARSET=utf8mb4 COLLATE=utf8mb4_unicode_ci COMMENT='Пользователи';
/*!40101 SET character_set_client = @saved_cs_client */;

--
-- Dumping data for table `users`
--

LOCK TABLES `users` WRITE;
/*!40000 ALTER TABLE `users` DISABLE KEYS */;
INSERT INTO `users` VALUES (1,'Gwen','Keeling','beier.olga@example.net','247-731-1946','1987-10-21 23:46:36','1972-09-07 08:27:15'),(2,'Arlene','Stiedemann','tillman.savanah@example.org','170.329.6368x55397','2018-08-21 06:08:41','2012-11-18 00:02:25'),(3,'Danyka','Stehr','ahickle@example.com','608.389.1534x7820','1986-05-28 15:45:43','2015-02-26 17:15:09'),(4,'Kade','Bogisich','dbayer@example.net','1-492-223-3258x10919','2003-06-27 18:19:05','1994-07-12 05:06:21'),(5,'Halie','Franecki','armstrong.jared@example.org','1-629-542-5312','1980-11-03 21:31:29','2020-10-19 23:08:24'),(6,'Bart','Abernathy','sydney.goodwin@example.org','(628)823-6520x5953','1997-11-16 22:01:16','1980-09-10 22:32:35'),(7,'Delphia','Hirthe','fboyer@example.com','04401232305','1983-09-29 12:24:39','1990-06-26 12:45:26'),(8,'Rahul','Harris','grace95@example.com','924.228.1675x166','1983-08-22 19:12:59','1987-10-02 02:50:52'),(9,'Brock','Kessler','uveum@example.org','018.721.4495x75719','2016-06-11 06:10:12','1970-12-30 21:32:01'),(10,'Makenna','Homenick','champlin.brenna@example.org','(330)791-3737','2015-07-29 22:56:27','1975-12-27 15:07:54'),(11,'Jaydon','Schamberger','treilly@example.com','519.461.2099x6000','1994-06-03 11:56:30','1995-06-05 10:18:01'),(12,'Devin','Jones','olson.norbert@example.com','800.712.3483','2021-01-25 05:07:52','1995-03-02 05:45:01'),(13,'Krystal','Cremin','paula42@example.org','1-277-347-6283x46941','2011-05-13 15:10:40','1971-11-14 01:33:34'),(14,'Brycen','Bosco','shanel46@example.net','472.164.6776x6238','2017-03-08 16:47:11','1988-03-15 03:10:45'),(15,'Jean','Lockman','xcormier@example.org','1-661-121-4288','1990-05-13 20:52:00','1994-11-13 10:06:17'),(16,'Eli','Terry','carolyne.stehr@example.net','(296)899-7993x107','1971-04-21 12:12:59','1995-10-17 17:10:34'),(17,'Henriette','Kovacek','bradly.heller@example.com','(856)803-5797','1990-11-01 14:46:25','1972-05-23 11:01:15'),(18,'Abagail','Russel','alexanne.gibson@example.com','903.475.1763x2760','2021-03-05 11:13:08','1977-09-13 03:25:48'),(19,'Jennyfer','Morar','jenkins.hermina@example.com','(096)759-5011','1984-12-28 08:51:28','1974-10-25 02:56:01'),(20,'Aaliyah','Kiehn','jolie93@example.com','01081720434','2000-10-30 04:36:51','1995-09-18 16:50:47'),(21,'Mireille','Heller','vcasper@example.org','(171)796-3671x979','1990-10-26 04:54:36','2000-03-13 00:16:37'),(22,'Jordan','Hayes','strosin.phyllis@example.org','(725)850-7821','1990-10-06 20:23:59','2016-05-28 06:01:13'),(23,'Myron','Waters','keebler.lonny@example.net','558-478-4919x134','1993-07-20 05:57:04','1983-08-19 01:45:52'),(24,'Howell','Farrell','jairo85@example.net','(348)578-6814x520','1995-12-09 22:28:13','1971-07-02 00:38:12'),(25,'Denis','Stamm','willms.dino@example.org','417-497-5186x601','1973-05-29 00:47:37','1985-12-24 08:55:41'),(26,'Ricardo','Gislason','maggio.emmalee@example.com','08646204841','1970-12-23 11:06:58','1999-11-07 12:57:03'),(27,'Jaiden','Fisher','odessa.brakus@example.net','806-903-3754','1991-10-12 04:38:21','1986-09-05 11:50:19'),(28,'Oliver','Stanton','camryn61@example.org','093-614-9711','1985-11-04 16:48:32','1975-04-17 05:24:02'),(29,'Manuela','Labadie','jewell88@example.com','1-413-454-1872x7662','1982-04-16 11:34:03','2002-09-28 21:16:42'),(30,'Lon','Prohaska','thompson.trudie@example.org','04892371695','2005-04-07 06:04:02','1979-04-20 04:08:38'),(31,'Geo','Walsh','cassin.dulce@example.com','360-220-7999','1974-09-08 03:39:51','1986-12-01 08:56:21'),(32,'Ramona','Pfeffer','zieme.polly@example.net','164-859-1511','2006-08-31 09:51:13','2018-01-31 05:07:57'),(33,'Alexander','Torp','jacobs.mortimer@example.org','(096)195-7728x24885','1996-05-24 11:54:18','1996-07-15 14:58:08'),(34,'Megane','Mertz','dibbert.devin@example.org','1-989-085-0466x9106','1985-09-24 20:18:01','2009-05-14 08:57:27'),(35,'Moriah','Morissette','zelda55@example.net','612.724.1193x87645','2019-05-25 12:46:22','1982-03-15 18:09:01'),(36,'Juston','Kuhic','ladarius25@example.org','1-110-466-4446','1990-07-09 23:18:13','1976-01-13 21:22:13'),(37,'Myrtice','Brown','wcrona@example.com','+63(3)0437448951','2019-10-30 15:11:55','2017-08-06 09:39:26'),(38,'Jovani','McCullough','roosevelt57@example.com','(901)928-9881x336','1976-11-02 10:16:20','2014-02-21 18:41:07'),(39,'Deontae','Ratke','glen29@example.net','1-218-284-3980x98755','1998-10-08 01:29:45','1976-06-21 00:55:14'),(40,'Phyllis','Collins','jsteuber@example.org','1-738-674-0062x58438','2013-12-15 02:04:51','1977-06-10 20:49:05'),(41,'Alan','Waelchi','schuppe.dion@example.net','812-659-4056','1987-04-05 08:36:27','1983-04-27 21:24:25'),(42,'Jeremie','Cassin','yundt.jarrett@example.com','(461)539-4190x08554','2002-06-04 11:16:16','1982-06-04 03:57:11'),(43,'Jewel','White','cornell.kozey@example.com','796-900-3376x0135','1992-10-25 05:13:37','1989-03-01 02:57:42'),(44,'Wilfredo','Boehm','alexandrine.koch@example.org','016.202.0217x37372','1990-01-30 11:00:42','1982-01-19 08:23:42'),(45,'Jo','Kessler','donnie.anderson@example.org','096.069.2831x1104','1998-02-11 13:17:04','1989-06-10 23:04:00'),(46,'Leda','Feil','rachel59@example.com','(902)091-0311','2015-07-24 15:43:46','1981-07-22 01:30:10'),(47,'Lue','Cole','kayley69@example.net','(255)643-8168x612','1978-04-22 19:45:02','1985-05-18 09:46:13'),(48,'Freida','Walter','leonard.hyatt@example.com','919-251-7738x46924','1996-11-15 05:54:40','1970-01-19 06:32:29'),(49,'Caesar','Wisozk','maritza.zboncak@example.net','609.011.9796x260','2009-02-11 16:46:29','1983-11-03 02:18:40'),(50,'Sylvia','Christiansen','pmurphy@example.com','(432)313-1925x2208','2013-12-08 07:43:53','2014-03-29 19:10:02'),(51,'Leonel','Kuhlman','darrick78@example.com','606.956.1742','1989-05-20 08:13:51','1989-08-26 17:02:39'),(52,'Mallory','Eichmann','eharvey@example.org','(294)715-9192x60783','1976-02-04 23:58:38','2016-04-21 14:41:59'),(53,'Carey','Raynor','vandervort.alexandrea@example.net','228.374.3092','2016-04-22 21:37:42','1990-06-28 14:43:17'),(54,'Nelson','West','mgreenfelder@example.org','564.430.0494x892','1984-05-22 16:12:38','1995-01-23 14:53:22'),(55,'Lacy','Grady','kautzer.milan@example.org','539-071-1773x26388','1982-12-03 23:11:46','2003-10-03 04:55:41'),(56,'Darwin','Schamberger','ceasar38@example.org','1-258-272-3565x06347','1993-05-13 15:29:35','2009-09-15 07:28:11'),(57,'Rachel','Braun','jerry79@example.org','+24(6)8086940819','1993-09-06 23:09:48','2006-11-20 16:02:13'),(58,'Freida','Jacobson','koss.damian@example.net','169-791-0097x915','2006-01-21 15:15:18','1980-06-19 20:54:35'),(59,'Cristopher','Maggio','egerlach@example.com','276-327-3320x40538','2013-08-03 10:42:38','2008-08-08 01:17:54'),(60,'Alyce','Gleason','margarett.spinka@example.org','08384901662','2013-11-07 21:05:41','2001-06-24 21:21:39'),(61,'Karli','Corkery','berenice.cormier@example.org','614.698.4709x46700','1972-10-19 01:49:20','2006-02-05 14:00:38'),(62,'Derick','Davis','xzemlak@example.net','193-630-3275','1970-04-30 13:34:51','2006-12-12 08:16:16'),(63,'Garland','McDermott','dannie95@example.org','1-657-369-0725x656','2005-03-23 15:54:46','1970-08-19 17:18:26'),(64,'Alec','Murphy','mccullough.nathanial@example.net','1-610-791-6103','1995-08-18 03:20:12','1971-07-16 16:45:16'),(65,'Raleigh','Parker','dan51@example.net','809.446.2845x841','1973-04-18 21:17:16','1978-10-04 03:59:11'),(66,'Marie','Gleichner','gcartwright@example.org','737.186.3470','1978-05-16 10:07:14','1972-02-12 20:26:24'),(67,'Kali','Bashirian','ismael.price@example.net','1-878-490-7177x4800','2019-09-11 15:01:18','1975-03-30 02:55:01'),(68,'Sean','Cruickshank','lindgren.zakary@example.net','1-648-608-3865x833','2007-02-16 15:35:31','2008-03-11 17:36:22'),(69,'Everett','Koepp','barrows.kaylah@example.org','(051)174-9088','2009-02-11 11:22:05','1986-07-14 16:13:32'),(70,'Name','Prosacco','penelope.ebert@example.org','+69(6)3270190373','1985-08-03 22:35:48','1989-08-06 02:37:10'),(71,'Bethany','Ryan','wilton72@example.org','034.297.0247x784','1971-12-11 20:57:12','1976-12-31 12:41:38'),(72,'Queen','Runolfsdottir','davis.celestino@example.org','(878)942-2271','2009-03-12 06:56:50','1979-09-26 05:11:33'),(73,'Zion','Willms','blanche93@example.net','287.204.1316','2019-06-26 05:55:55','1976-07-28 04:57:23'),(74,'Norris','Dach','ukozey@example.com','(407)684-4693x621','1994-02-03 06:44:59','1995-09-15 20:34:05'),(75,'Jeanette','Lynch','leo.weissnat@example.net','404-373-5770x99585','2003-09-26 09:59:18','2020-09-25 19:27:11'),(76,'Nola','Douglas','wintheiser.emma@example.com','(204)060-7638x7871','2017-01-10 15:50:45','2020-05-15 19:41:46'),(77,'Isaiah','Hyatt','jamal.lind@example.net','1-389-855-4930','1985-12-29 11:30:20','1994-05-03 05:59:33'),(78,'Deontae','Howe','gay.lubowitz@example.net','(990)849-5112x04966','1971-11-17 08:44:25','1994-09-02 04:10:02'),(79,'Earl','Schmidt','valentine03@example.org','01624748329','1970-04-29 09:56:31','1992-10-10 00:00:52'),(80,'Hertha','Torphy','dereck.moore@example.net','151.089.8832x97811','2015-05-18 13:20:31','1988-12-19 11:12:14'),(81,'Sebastian','Windler','yboyer@example.net','724-852-9465','2007-10-13 03:03:17','1974-12-18 05:23:37'),(82,'Milford','Ritchie','johathan61@example.net','00295843351','1977-08-26 03:39:53','2008-10-15 21:18:05'),(83,'Amari','Parisian','zboncak.camila@example.org','+73(7)4315946445','1983-09-05 20:24:55','2012-11-05 22:09:27'),(84,'Corine','Shields','qjast@example.net','613.779.4185','1973-02-14 09:37:40','1981-05-01 18:15:15'),(85,'Brenda','Aufderhar','jalon.howe@example.net','(824)986-5426x56258','2001-02-07 07:39:14','2018-04-24 15:11:36'),(86,'Shaun','Morar','ara75@example.net','(394)011-5151x8313','2019-07-06 06:57:16','1980-06-03 23:01:58'),(87,'Jammie','Marvin','rgottlieb@example.org','630-331-7531x51807','1970-08-08 10:02:47','1971-07-27 18:56:22'),(88,'Ellen','Price','carley.durgan@example.org','203.166.7978','2001-02-02 13:40:29','1975-07-15 15:00:53'),(89,'Jaiden','Feest','vhickle@example.com','1-807-980-4924x66081','2015-03-14 03:32:16','2006-02-23 07:15:49'),(90,'Kailey','Wilkinson','ulabadie@example.com','1-493-040-7260x57648','1987-12-09 21:15:10','1971-03-06 15:22:21'),(91,'Lori','Sanford','barton.patrick@example.com','480-004-8777','1988-10-06 19:42:51','2005-02-14 23:49:47'),(92,'Evelyn','Kiehn','grempel@example.com','(223)828-7998','1984-08-27 11:11:04','1987-12-05 00:46:06'),(93,'Alford','Kemmer','kaufderhar@example.net','161.490.7524x7898','1991-05-10 05:33:15','1975-07-09 16:03:18'),(94,'Barry','Gleichner','jflatley@example.com','+03(9)0872792576','1995-02-02 23:10:59','1999-04-18 07:32:23'),(95,'Annabelle','Graham','rmante@example.org','809-780-4098x95558','2019-07-11 22:06:01','2012-03-22 01:20:58'),(96,'Nathen','Gusikowski','brittany.streich@example.com','695-741-1440x554','1998-09-14 19:24:49','2009-04-18 23:53:49'),(97,'Hilbert','Kulas','tlynch@example.net','(258)735-4712x96694','1990-09-08 00:18:34','1973-05-15 02:07:56'),(98,'Makenzie','Mueller','amorissette@example.net','288-412-7506x80664','1975-08-13 17:55:12','2010-12-16 01:54:52'),(99,'Lauren','Kautzer','durgan.moses@example.com','(184)714-6996','2017-03-01 20:10:00','1979-10-12 19:02:11'),(100,'Murphy','Mraz','emmanuelle86@example.com','290-030-4289','1971-07-29 05:33:09','2011-07-29 11:41:33');
/*!40000 ALTER TABLE `users` ENABLE KEYS */;
UNLOCK TABLES;
/*!40103 SET TIME_ZONE=@OLD_TIME_ZONE */;

/*!40101 SET SQL_MODE=@OLD_SQL_MODE */;
/*!40014 SET FOREIGN_KEY_CHECKS=@OLD_FOREIGN_KEY_CHECKS */;
/*!40014 SET UNIQUE_CHECKS=@OLD_UNIQUE_CHECKS */;
/*!40101 SET CHARACTER_SET_CLIENT=@OLD_CHARACTER_SET_CLIENT */;
/*!40101 SET CHARACTER_SET_RESULTS=@OLD_CHARACTER_SET_RESULTS */;
/*!40101 SET COLLATION_CONNECTION=@OLD_COLLATION_CONNECTION */;
/*!40111 SET SQL_NOTES=@OLD_SQL_NOTES */;

-- Dump completed on 2021-05-06 15:03:04
